Stego?,Entropy_img_full,Mean_entropy_slices,Stdev_entropy_slices,Mean_MarkovChains_00,Mean_MarkovChains_01,Mean_MarkovChains_10,Mean_MarkovChains_11,Stdev_MarkovChains_00,Stdev_MarkovChains_01,Stdev_MarkovChains_10,Stdev_MarkovChains_11,Mean_imgfull_MarkovChains_00,Mean_imgfull_MarkovChains_01,Mean_imgfull_MarkovChains_10,Mean_imgfull_MarkovChains_11,Conditional_Entropy_Slice_01,Conditional_Entropy_Slice_02,Conditional_Entropy_Slice_03,Conditional_Entropy_Slice_04,Conditional_Entropy_Slice_05,Conditional_Entropy_Slice_06,Conditional_Entropy_Slice_07,Conditional_Entropy_Slice_08,Conditional_Entropy_Slice_09,Conditional_Entropy_Slice_10,Conditional_Entropy_Slice_11,Conditional_Entropy_Slice_12,Conditional_Entropy_Slice_13,Conditional_Entropy_Slice_14,Conditional_Entropy_Slice_15,Conditional_Entropy_Slice_16,Conditional_Entropy_Slice_17,Conditional_Entropy_Slice_18,Conditional_Entropy_Slice_19,Conditional_Entropy_Slice_20,Conditional_Entropy_Slice_21,Conditional_Entropy_Slice_22,Conditional_Entropy_Slice_23,Conditional_Entropy_Slice_24,Conditional_Entropy_Slice_25,Conditional_Entropy_Slice_26,Conditional_Entropy_Slice_27,Conditional_Entropy_Slice_28,Conditional_Entropy_Slice_29,Conditional_Entropy_Slice_30,Conditional_Entropy_Slice_31,Conditional_Entropy_Slice_32,Conditional_Entropy_Slice_33,Conditional_Entropy_Slice_34,Conditional_Entropy_Slice_35,Conditional_Entropy_Slice_36
1,2.85518373766961,4.113709682408,3.81139376960978,0.687109375,0.312890625,0.131138392857143,0.868861607142857,0.165351488748512,0.165351488748512,0.102419445283153,0.102419445283153,0.5,0.5,0,1,1.23665695287268,0.795197101696622,0.24062686933119,2.24966810539364,0.168483726919177,3.7747088405233,0.465326290994266,2.11030087820317,0.56905831310711,0.774029819182281,0.346515520867165,3.25314880111999,0.028000767177424,0.998801298208928,0.040014776725611,0.089323588027998,0.20026631265087,2.58931937032935,1.40670875818314,0.557876147407829,0.108493450732433,0.05503387262688,0.047308358095183,2.88937281319415,1.85963466417824,0.38604983854588,0.195473576293945,0.248184767202391,0.035655981532128,3.25394972890684,2.8957045724003,0.236854165812912,0.02919865503862,0.0825837917722,0.048994402997073,3.23105227763998
1,4.62327693475231,6.70246223599836,2.5864005554467,0.875,0.125,0,1,0,0,0,0,0.5,0.5,0,1,3.82600914217336,3.10135987541202,2.18281894831536,1.8005915973761,1.18107718807556,1.44846793409777,4.16232391819367,3.75788893907805,1.60788699490538,2.198146649413,1.75551023744515,0.857412172022522,3.80659492052177,4.12956188026328,1.51307830632696,1.22021103572529,0.934043893022039,0.437277992767357,3.43651509637339,3.56169084609332,1.90167712643573,0.460192777728206,1.37891776316671,0.96266540945037,1.44442316489253,1.11271264377551,1.21199850492826,0.686347879941823,1.45800862807021,1.43886376678605,3.50377570680399,2.19731789204253,0.355622596420631,0.995413723903542,1.53538739710408,1.67949074014371
1,4.99495605726191,8.11918670649787,0.908494825624393,0.875,0.125,0,1,0,0,0,0,0.5,0.5,0,1,2.44415782724245,2.24703518900491,2.39465478151911,1.94138364966292,2.20909748194085,2.24217095334473,1.89139463479577,0.960221379797776,1.12230757968467,1.19808590563082,1.91679342803064,1.15934715681717,1.3587008832789,1.32871336011332,1.26815973789081,1.18937406215515,1.50079372782868,1.35524337110888,2.57664186706909,2.26685544404511,1.35695018106396,1.0757858819989,2.37154263623719,1.51300563020942,2.42790382608313,2.06535133464935,2.34970023783084,1.8411660120839,2.61542726600737,2.37194581968741,2.50365814770603,2.39037191403172,2.11946723743647,1.75020579050679,1.88428788335616,1.73688910749654
1,4.91367068937419,6.27710837453268,1.33111895265011,0.875,0.125,0,1,0,0,0,0,0.5,0.5,0,1,1.6519180249782,1.51966353965521,0.93372171534366,0.869241747028359,1.54151671792174,2.03103855922089,0.772310325393069,0.477587236521346,0.22153594512598,0.200249970762766,0.308418686611702,0.799963755849761,0.502444092229495,0.311218172965917,0.144544466806807,0.141930377582938,0.212204922890928,0.414602283445384,1.29823623293068,0.871781863686493,0.298259228279197,0.31276044182853,0.363493297162941,0.90738959810021,1.28232968811745,0.457703430953937,0.323120405113451,0.844460851430305,1.0993763830442,1.22399208364703,2.52621131550024,1.17748711957119,0.52251252357945,0.896844340739244,0.994642754512907,1.33117802275013
1,5.2851177245597,8.6644201697914,1.20226689696722,0.685825892857143,0.314174107142857,0.216183035714286,0.783816964285714,0.124976461583577,0.124976461583577,0.11071697156789,0.11071697156789,0.5,0.5,0,1,1.87677057526868,2.62167191924686,2.51754732724197,1.79060232277506,2.44906413517828,2.81982587862241,1.1085712319715,1.74490145833138,1.08741716173108,1.38999264844839,2.5061742288913,2.34551867931934,1.43347738141683,1.93668657910119,1.32431953014732,1.23564746585871,2.20294528567728,1.83587072678533,1.24731869492191,1.46120328733611,1.52580469129679,1.51910406716358,2.33008636373077,1.54161792249981,1.39265408178387,1.62580874480661,1.5392469420435,1.55177395374586,2.1030244327243,1.50019546889847,2.06194369029344,2.4782908121687,0.941142474044242,1.00253591019393,2.34264843490498,2.51407529086819
1,5.47853899166149,8.17082807011653,0.382406605018489,0.875,0.125,0,1,0,0,0,0,0.50568430990306,0.49431569009694,0.131038828580189,0.868961171419811,0.139851904595035,0.071342169547755,0.353923611222889,0.268899906653721,0.093077514366688,0.242212885200278,0.143751350744939,0.365222774437507,1.03046482550065,0.661551909688808,0.171417623951323,0.430196608708318,0.058586209038451,0.078697900959963,0.165136371799052,0.390454826945871,0.139006835576745,0.231514486522204,0.125757192701319,0.065791388139643,0.259829998813803,0.438411861486467,0.226620947610209,0.259986658497015,0.088259510114598,0.257063521691757,0.478127562688856,0.029142872602567,0.148806757369499,0.171434639217159,0.107880472093099,0.156760196998412,0.45426597139523,0.039983557508589,0.311186790046212,0.198638169410212
1,4.87404053169455,5.80153242463078,1.73732216704815,0.875,0.125,0,1,0,0,0,0,0.5,0.5,0,1,3.02376419324302,2.31854794086348,1.52155722565247,1.97344426078142,1.86335007289108,3.02245643059173,2.91033813828507,0.572904459497457,0.810683687256962,0.948972738301907,1.0458033868555,2.36160660999931,2.54090894150767,0.803471321254849,0.569832046961346,0.992967066919005,0.825002992306955,1.76518950700201,1.24963344575439,1.10661298544088,0.44986903921956,0.430548560785176,1.02288503922687,3.31882833868018,1.26053774718583,0.720347149038661,0.320185052811044,1.03085673343479,1.29425220121276,2.41934885482686,0.943922498953083,0.803572971852066,0.818188235946863,1.35775903294144,1.14170350569962,1.87638086872811
1,5.00740827942706,8.67991848211143,0.609387519877616,0.875,0.125,0,1,0,0,0,0,0.5,0.5,0,1,1.19186909095125,1.3464050090958,1.9617740574644,1.37723495044835,1.10246458379669,1.02290300144718,0.895576171793544,1.12264213862147,1.21688517492603,1.00946666882819,0.904267678426937,0.922092366804054,0.971321619418514,1.13334131911187,1.29439595784566,0.523598823607179,0.244699626088689,0.640958233661417,0.810186172820856,1.26883354830624,0.893055806583901,0.51289651263631,0.37201636549791,0.664106252974865,0.809947208818671,1.363663539806,1.25333451699909,0.579803291432222,0.588330947951166,0.83333801752769,1.20946070817522,1.48670810110281,0.931050169139778,0.82852921207971,0.87144436299188,1.28176690645143
1,4.68285706981315,5.59352579465555,1.68424004278898,0.875,0.125,0,1,0,0,0,0,0.518464599126364,0.481535400873636,0.064345422608487,0.935654577391513,1.26844866886712,0.474858176197607,0.576907109761255,0.836876882997569,1.85921603671988,1.6732196429696,1.2532247762192,1.38062222257853,0.917414102868309,0.446031707581441,0.617168031601646,1.43347542183057,0.518237289362981,0.235325423640955,0.335437648550441,0.228321208874906,0.107059283898685,0.887803413199948,0.610243996233026,0.079915019528205,0.158352123116841,0.113232280135016,0.100946302804224,1.1562057976228,0.603759740691065,0.102628282921024,0.096979847448529,0.07177604584519,0.044444632913857,1.1266497385906,1.70709226046142,0.904650504023227,1.16687785307597,0.705696258080248,1.31281388288335,1.51774200119953
1,5.18318751332002,7.18086696120641,0.831678950441795,0.875,0.125,0,1,0,0,0,0,0.5,0.5,0,1,0.510816645006338,0.693359616206385,0.747243013590611,0.492959965002267,0.423223219494463,0.575710906319254,0.251397824186025,0.252918743114497,0.466865057644997,0.253517914315201,0.388006068990049,0.39057761023197,0.183783548968446,0.249687584427601,0.26800039660717,0.05603047054909,0.080777274353214,0.133099642459932,0.135265658407139,0.194018389651932,0.047737924600237,0.075595579536088,0.096130069196121,0.02216385025217,0.041334414013189,0.013344502328374,0.013444972402061,0.073868340606764,0.275618217992565,0.01876868346627,0.195698878477994,0.107925317267712,0.074838662931862,0.071515617536948,0.084569117503997,0.050419947490196
1,4.95865651434858,6.47386504532301,1.11136885110973,0.875,0.125,0,1,0,0,0,0,0.5,0.5,0,1,0.592701500790033,1.20873390601673,0.917073241447551,0.810871756868869,1.50766727920969,0.947861356229344,1.03401553217749,0.666711480851312,0.194633271745314,0.23784324850337,0.857616011299088,0.783282820727566,0.946621945439003,0.346228281886392,0.095351675807791,0.115088287230777,0.743156792363547,0.657795955483,0.681386824672467,0.254417134166131,0.064608920628456,0.045706300530905,0.438937228575698,0.889293951973458,0.808344238026007,0.467984591890535,0.17884379159446,0.103475985333373,0.640153219508004,0.989343957237578,0.932279395977872,0.684081930992193,0.344333303731975,0.570394886520884,0.686374809181789,0.696996918615237
1,5.40271792882536,7.82299844484149,0.577436066902653,0.875,0.125,0,1,0,0,0,0,0.513572026379649,0.486427973620351,0.041653601787122,0.958346398212878,0.419811704721703,0.746874614455552,0.522400398263852,0.496828435148345,0.418579609891132,0.452826509467532,0.813682981226675,0.551375050108667,0.53489858550938,0.430253105546917,0.274481130724483,0.780862592578666,0.67192876983258,0.577929548290356,0.270043705785653,0.402120285598439,0.389836152378437,0.632420310337955,0.857540610671068,1.1627977196017,0.854879197036012,0.525957847896917,0.754008643389194,0.558663777852539,0.859170426438718,1.09905930524126,0.96905531758505,0.721163894881665,0.789611395283707,0.722131665322405,0.827474479003674,1.21102368746229,1.05585866224002,0.821359343219124,1.25799877133375,0.883960362010133
1,5.44886085403363,8.6161185767928,0.42746431989082,0.875,0.125,0,1,0,0,0,0,0.511650485436893,0.488349514563107,0.017529665587918,0.982470334412082,0.698529630072311,0.182664428175793,0.221699778509114,0.421398437752238,0.224235549216414,0.293502705019107,0.205201544784079,0.601252640224499,0.190235082421238,0.322655051543341,0.556168525200135,0.219057693035487,0.164467595560652,0.333859768375087,0.067111414481104,0.263634758082387,0.466491490844051,0.322552716745666,0.129954967112025,0.170624389338332,0.104694585562773,0.181931336228821,0.468317395194721,0.306333187624779,0.165937495314235,0.135919405313695,0.058512674926995,0.20042080992361,0.248471822399456,0.174162032248962,0.206795470999398,0.064976799276863,0.220424658535047,0.526014321936843,0.51592706816741,0.957231703996041
1,5.20742930904587,6.66124345026025,1.36885441681874,0.875,0.125,0,1,0,0,0,0,0.5,0.5,0,1,3.43862721878803,2.74455544046579,1.57644806136238,2.04385487797627,1.72024694062493,2.92202855583016,2.44498859045171,1.61415674401926,1.35380887330073,1.34027888285888,1.56843549649046,2.63565428165744,2.03294205701663,1.9129302594147,1.49661858970485,1.73853321193088,1.66123110123829,2.49265535406694,1.96441950296389,1.27068268369347,1.24776927387772,1.42118834038621,1.75797951743723,2.48355426902346,2.25606456002017,1.39705590610568,1.02729916054664,1.00015555314053,1.04697634568034,1.83319619783056,1.51069202125498,2.25179896976016,1.56989778742301,2.3756927909925,1.81749874797352,1.53381007758408
1,3.71345369608108,4.61569816973021,3.10248465497024,0.730524553571429,0.269475446428571,0.120982142857143,0.879017857142857,0.160920036710452,0.160920036710452,0.130285096420144,0.130285096420144,0.501449275362319,0.498550724637681,0.038949275362319,0.961050724637681,2.31914909335135,0.084476274858826,0.089687739908882,0.350243815325778,0.419020183264007,1.09085318132714,0.414057348852255,0.016789329321985,0.019497708743189,0.006444376966179,0.003701014694065,0.190444076002986,0.021054043251827,0.035199790649481,0.02027416880211,0.010444732703588,0.007072873698826,0.175031108670683,0.243536123182378,0.055942111356903,0.017547421048375,0.022224456496923,0.025232176961471,0.217565767734615,1.03419101644682,0.156297317644214,0.296076508958953,0.052403557998831,0.09451981406331,0.670558311480069,1.8563855759157,2.77578300331791,0.247871322124595,0.685934336219061,1.90814295102799,1.97966867548104
1,4.89773528466663,7.53039114292599,1.57418505377451,0.875,0.125,0,1,0,0,0,0,0.472381901966171,0.527618098033829,0.131318298295315,0.868681701704685,0.440925452752292,0.098206332016226,0.267344163011352,0.178010102590656,1.24445581782003,2.02828382818108,1.20657581148638,0.524574757108819,0.219655363734692,0.339226408912697,0.372949913353459,2.21892060871051,0.835938094032548,0.519575187685309,0.072161778771493,0.062692465669846,0.213566562062018,2.11971277076218,0.150497271272679,0.56922098077699,0.094355525495851,0.102861498984284,0.210200395703214,1.14638083706298,0.416280588173026,0.653357336245944,0.29764626751755,0.391590293221246,0.143598141451826,0.903115624215847,0.523386891536649,0.151393955903877,0.386781968404621,0.356148085677212,0.58529098055951,0.816203330256062
1,4.83113561713588,6.98294769425014,1.56039508006964,0.875,0.125,0,1,0,0,0,0,0.50035360678925,0.49964639321075,0.003300330033003,0.996699669966997,2.24990133145216,1.89225489667525,1.76781846100124,1.61864387387965,1.70609226430798,1.51172463539512,2.96955237356108,2.56077028047025,1.42670302109262,0.911763492797731,0.974640741569909,0.548083928005258,2.80217336939135,2.10236735885659,1.92959841522841,0.425229343111566,0.647727940240252,0.419379539037684,3.47120066011132,2.9339879972393,2.86796431618884,1.33355348465852,0.425575941240572,0.699041476429944,2.33718927783099,2.85097639921846,2.69499037222769,1.22765518597977,0.926272145504187,0.922644115771494,2.24804162872009,1.98250331338277,2.10471695459593,1.58614635880335,1.11898213376097,1.87626188313111
1,5.27445484012207,7.72649252042695,0.877625297592511,0.875,0.125,0,1,0,0,0,0,0.500347222222222,0.499652777777778,0.027083333333333,0.972916666666667,0.38023747763971,0.528913254063452,0.237011826254869,0.023301211078092,0.010830738377576,0.357148093681217,0.672019719146661,0.222394646405269,0.021198992752011,0.027646827109812,0.040447920768477,0.29967933473415,0.963152465215895,0.064153311693126,0.252851428689721,0.071749230876214,0.029639328840929,0.030576576717956,1.22086448662586,0.180590192017429,0.314291465844514,0.154260553390001,0.044568148300537,0.034567989575473,1.80468484595418,0.337527638000513,0.076300998001965,0.066391957879902,0.063749585932119,0.048795980465591,1.68391298009603,0.143444862671176,0.039837183119451,0.130825652916219,0.138905773924308,0.244661896634987
1,4.94562005196351,7.8911658627588,0.469539137284876,0.875,0.125,0,1,0,0,0,0,0.5,0.5,0,1,0.954790784033741,0.55151371912342,0.690737883110453,0.490945531398215,0.400972610380602,0.309335584410225,0.60180468785263,0.476921550587834,0.352908813850514,0.360901381743807,0.279519884823229,0.601428685234075,0.531241926787922,0.175869968005566,0.049664553463666,0.042870168264269,0.156562819547065,0.401813164806326,0.257424791449549,0.173360926581226,0.05948917529036,0.090091841782284,0.183795830120687,0.297461598578164,0.579376026879812,0.133224900784905,0.138569617777963,0.154013368809971,0.266963125697838,0.368654203334813,0.323595510737229,0.319556888044811,0.314872477826258,0.284471697926333,0.397592462883263,0.794033817331956
1,5.11936925586392,8.60471199457747,0.324854788151808,0.875,0.125,0,1,0,0,0,0,0.5,0.5,0,1,0.342417536505843,0.227795201445812,0.162478076756771,0.09226679486208,0.218365024284714,0.1643261777042,0.206398025035548,0.250118622855535,0.310614867530638,0.342551687233827,0.288349780166928,0.142230015153277,0.236043869291488,0.215708784889938,0.185446519368244,0.255269045334668,0.259749845395301,0.156477741922213,0.473668237412416,0.15938162903238,0.133373901692937,0.12960316610624,0.265807525973213,0.253586471014342,0.456917730140289,0.45007354949764,0.244281033075832,0.241349566393194,0.158510946692627,0.301840216453255,0.145632997121932,0.313647418916332,0.161278573805943,0.109715272047191,0.139997088463853,0.234838083520597
1,4.76771888509851,5.29276655609286,2.21544183376794,0.875,0.125,0,1,0,0,0,0,0.499785714285714,0.500214285714286,0.091557359307359,0.908442640692641,2.74967368528236,0.449764924465256,0.402304108093182,0.35723274123873,0.720179473456294,1.49115981741971,0.772765096532819,0.387033785755081,0.366138394743454,0.29262749870406,0.383644621602521,0.576563666240632,1.50604513817117,0.219719679337275,0.221487505174078,0.237462450731497,0.248623481447643,0.611372203609565,2.17900845508988,1.68661545222588,0.621009929876541,0.914185049935923,1.60720965510216,2.20577936603975,2.9149470596443,1.99035610176535,1.31405750419061,1.74873915890518,1.20549401177312,1.86663109050077,2.9541899889981,1.54209586441663,1.72419447053388,1.46594800578748,0.173329410517408,1.7660951487818
1,4.92657417834239,6.82986716857105,1.68912447782402,0.875,0.125,0,1,0,0,0,0,0.5,0.5,0,1,3.14535232456078,1.81010109572558,1.50430112590744,1.88594643523415,2.00634455954249,1.55561868332098,2.36558008499063,1.44102944710448,1.27556577263155,1.35389363881771,1.46010737824024,1.28223374250777,1.95211622962323,1.56478687431256,0.298240710773213,0.61743305377334,1.51167788792689,1.67415387562836,1.80541561016722,1.10120353611015,0.299715757619217,0.818763752533391,2.04024708550389,1.57744442548323,1.6046993204397,1.18870180646274,1.13127186938554,1.59831882174417,1.8888823797598,2.33097031201807,3.13898196352708,1.80567935653213,1.44731607713629,2.3542461931543,2.85010435589742,3.33314281460931
1,5.22320285198082,7.22746102816683,2.42043122554812,0.875,0.125,0,1,0,0,0,0,0.515511551155115,0.484488448844884,0.004050405040504,0.995949594959496,3.1777905610477,1.92233898694524,2.79578342302701,3.74446669705885,4.26691656298071,4.35365034160492,1.93441455436358,0.538874997571588,1.38683860225252,1.68442752517454,4.11139763743016,4.09889226026908,2.32517910948624,1.80975327698083,1.62084573953434,1.63201950758764,3.1704684168575,3.48837040935306,2.89065510679919,1.80474072714235,1.98332834329872,1.49672319451508,1.86133317408129,2.88585781006399,1.84669980524992,1.36149303900373,1.51228566209915,1.40737107961628,1.30999879460029,1.64541379632143,1.2635497698596,1.38903355313203,1.64223547083389,1.79408157765312,1.63674818121205,1.42941510338646
1,3.19072752754208,3.9729787405818,3.28680247622803,0.699832589285714,0.300167410714286,0.129799107142857,0.870200892857143,0.164127190706806,0.164127190706806,0.113207460880724,0.113207460880724,0.5,0.5,0.002518891687657,0.997481108312343,0.482015516190788,0.033896886393611,0.017431367518135,0.029009904063771,0.082154327647207,0.639800625849921,0.012798635987016,0.010777798725908,0.025387591163206,0.029473835673316,0.025641841961925,0.016211268076757,0.020589748809156,0.023201643079168,0.035034430423524,0.030147448093685,0.022693141481729,0.011788217356462,0.542658983666332,0.019197953980523,0.018441786148689,0.030528824291764,0.065615942132332,0.908000894538522,1.63256980299679,0.581946931249492,0.025222480340276,0.244854063544277,1.5546517407805,0.387439783521095,0.387439783521095,1.32672016984083,0.214683072773373,0.441098801130608,0.387439783521095,0.387439783521095
1,3.19052258739037,3.97527344261088,3.28672914122035,0.699832589285714,0.300167410714286,0.129799107142857,0.870200892857143,0.164127190706806,0.164127190706806,0.113207460880724,0.113207460880724,0.5,0.5,0.002518891687657,0.997481108312343,0.472183554512454,0.037264948495456,0.018104979938504,0.026315454382295,0.08156184842817,0.640627524709096,0.013809054617569,0.011451411146278,0.025387591163206,0.032632216964337,0.023703560112283,0.016084142677397,0.020125817199611,0.020589748809156,0.036254529864903,0.02993776728286,0.018232105337864,0.011451411146277,0.544517598561364,0.019452204779243,0.019789010989427,0.030528824291764,0.066289554552701,0.908000894538522,1.63256980299679,0.581795941538719,0.025222480340276,0.243716519514363,1.5546517407805,0.387439783521095,0.387439783521095,1.32672016984083,0.214683072773373,0.441098801130608,0.387439783521095,0.387439783521095
0,3.77496066095397,5.91717044649651,4.01741116609125,0.724051339285714,0.275948660714286,0.121651785714286,0.878348214285714,0.160853734144611,0.160853734144611,0.118146033279946,0.118146033279946,0.5,0.5,0,1,1.76312198261903,1.35802655117188,0.524566840150242,0.45601697988594,1.29824522802384,1.76142372372737,1.06274093038632,0.378559423591028,0.34321128039076,0.971308592554684,0.588553445401485,1.32148946821178,0.533901220355993,0.25798632608275,0.263067266847456,0.206483744931927,0.284663854217845,0.752546245411845,0.368385599542577,0.249167787929201,0.937654620968387,0.278106938434475,1.23413716707651,0.765581679278814,0.178004503516874,0.287534892396872,0.528276513109867,0.835687292931716,1.66544434987232,0.469015572634085,1.40209908774516,1.62129729980061,0.755776423972886,1.9234535723142,1.17100869933722,1.96783034175182
0,5.50964481926675,9.34109618019325,0.134223160054583,0.872488839285714,0.127511160714286,0.0078125,0.9921875,0.020089285714286,0.020089285714286,0.0625,0.0625,0.500231481481481,0.499768518518519,0.002777777777778,0.997222222222222,0.226638343341272,0.211409534063467,0.077053469876931,0.081462382887478,0.086341870534919,0.107674410710553,0.055609018132095,0.146179526598983,0.078343468136078,0.096348176362624,0.150512018265496,0.061961856229558,0.168651895015446,0.095506765482011,0.054638228141599,0.114092173148912,0.086822266424274,0.075062436767298,0.254282741907716,0.150181733586167,0.087156380446328,0.104896647698649,0.080516868594392,0.080652758839435,0.14917634649504,0.136703577396295,0.120007362135265,0.117567191504757,0.076800921596321,0.070286008840916,0.100087431238553,0.110299384661209,0.130490636273474,0.19169552963124,0.132594020642084,0.096910891305508
0,4.99020580626059,7.92456645557116,0.194796283708857,875,125,0,1,0,0,0,0,0.503842592592593,0.496157407407407,0.14537037037037,0.85462962962963,0.058362335841673,0.127538163000708,0.110327128364766,0.099529919096722,0.283410869986414,0.124303144298346,0.062737732068045,0.073128424623379,0.059961693831526,0.092104653610686,0.110028827240616,0.106564584969282,0.12637154581289,0.104941553489319,0.117507140943928,0.082470081084365,0.070122930655487,0.105162076256095,0.227371255285901,0.075291746940096,0.088573371632878,0.16207124422264,0.120957555980477,0.11932673198614,0.431857315292202,0.472191423856231,0.033771092139792,0.072517250227382,0.442486644440044,0.067348433942774,0.0514646799441,0.343313458566272,0.154588744024498,0.109432999959088,0.243975536709963,0.094551140988728
0,4.30686609028848,4.94124339912009,1.89232772198983,875,125,0,1,0,0,0,0,0.5,0.5,0,1,2.44874909351787,1.47238626492874,0.104678333086279,0.146840357509347,1.39908668659832,2.47565341323294,2.08449973175325,0.65121948433021,0.075934347466287,0.084856695665345,0.679671464757922,1.96780607626131,2.1339649141913,0.589655871641124,0.416144430582468,0.219888329417842,0.845802959666252,2.08592044252214,1.51541680090765,1.20125058297026,1.06127509889092,1.10650256369682,1.28861618902601,1.27211726670049,1.82415520550234,1.37818729358447,1.6495638979636,1.52062193103529,1.4168612248933,1.61594921848392,2.04309730906375,1.73182563321682,1.42970279035266,1.47029982058676,1.84736333094439,2.01875895723917
0,5.37479863587971,6.60280306963766,0.32193928537958,0.998908972602727,0.001091027397273,0.026041666666667,0.973958333333333,0.000311026592564,0.000311026592564,0.11959200925333,0.11959200925333,0.501706484641638,0.498293515358362,0.005119453924915,0.994880546075085,0.312548508827231,0.284642429047723,0.034149064470338,0.065714831975288,0.062229685986511,0.024515049599712,0.156464613836741,0.025941278366296,0.030045171418317,0.025497324550785,0.029237689714977,0.031202239617122,0.077873384242819,0.064499004208001,0.082326863790303,0.067759807805116,0.122777924031022,0.051976924052641,0.124473313365387,0.057681839118979,0.066064418470752,0.038333383450043,0.097280599480238,0.043899113020212,0.082022095470959,0.09049904214278,0.076048019836842,0.079124819761672,0.03486217885363,0.032090147248145,0.184434911021095,0.13317460242887,0.025228163983004,0.031471400184902,0.076003201660723,0.163470513565859
0,3.46098653923872,5.33538401491057,3.76619657339037,0.709430803571429,0.290569196428571,0.142299107142857,0.857700892857143,0.161728804930182,0.161728804930182,0.12115351458798,0.121153514587979,0.5,0.5,0,1,3.51685771384625,1.30328100275084,0.238360092896253,0.263940920128375,0.284096850040877,3.14862614089485,0.942306799282472,0.343985368420316,0.421493928079666,0.489507124828289,0.34136752492214,0.226896330437174,0.386498239640788,0.572031760170726,0.593730484050228,0.555275215944766,0.371144458247783,0.332446563003153,0.850513259886625,0.539654366886821,0.523656166766504,0.640343019936577,0.621804211412033,0.433815393467004,1.67195243180321,1.14078448065874,0.670027912518269,0.837539087718633,1.70582968246049,1.90960980770263,3.05763862432132,3.66551134690572,1.07717046629773,0.999462069186442,4.31224065601201,2.82617384176906
0,5.32679168238705,7.17230507441791,1.06326438224574,875,125,0,1,0,0,0,0,0.501424501424501,0.498575498575499,0.002849002849003,0.997150997150997,0.844278314852171,1.04298582575306,0.240974650858655,0.057694362098411,0.054425423780177,0.045627244305618,1.3227957296285,1.64550721423296,0.4909421409567,0.054851737920997,0.040073324406768,0.059386703098649,1.21636883390508,1.64277260710866,0.376183921761441,0.098532064835223,0.054476079426212,0.051625731154281,1.56972486975997,1.23124273763671,0.180262596705709,0.058250706534217,0.073950803737978,0.07990773008483,0.029194156985428,0.03785068876295,0.260473618352028,0.136464213324826,0.098316737336898,0.09747811213044,0.040151328006017,0.030227471208088,0.122344039671465,0.241076699842688,0.210461330677577,0.160946832340699
0,5.26097697420467,9.62570664977243,0.677790247430662,875,125,0,1,0,0,0,0,0.5,0.5,0,1,0.778302600099564,0.503011980571774,0.478162360125303,0.357271184820483,0.532060121206645,0.595860189621763,0.760250984316224,0.785111969313634,0.664328602795527,0.602591812125833,0.582606111896416,0.745489806730919,0.661604749264491,0.560620422309518,1.25276458779919,1.02307585899944,1.00248190599626,0.891462487177953,0.303455019123962,0.836069601176064,1.4298562888563,0.702493625490786,0.874402214618849,0.949907913440743,0.698951736890473,1.24055703463702,1.44378100818983,0.899313278526143,0.698599035467081,0.692997147993415,0.985984259652795,1.61490120015274,1.72254432039105,1.59365699258704,0.828677219773367,0.841712389263759
0,5.29407851472153,8.87942887376149,0.382906102624662,875,125,0,1,0,0,0,0,0.511436950146628,0.488563049853372,0.071065493646139,0.928934506353861,0.195080240391422,0.119478997019573,0.129832709868865,0.313315120220329,0.120160844908236,0.366439080228925,0.271046194880943,0.041776124317621,0.051428989379407,0.176674713919534,0.304023978183619,0.170735701056068,0.079537657425263,0.032256215441267,0.084445589109841,0.037165074586721,0.07330322978717,0.04150761070936,0.051870944066607,0.027708451434617,0.112179285010274,0.064932337386446,0.080186000513757,0.054864815296901,0.03686408403848,0.037360893840088,0.077067516301164,0.23180063014612,0.123557595656767,0.051853392712017,0.058076661415512,0.044521524293026,0.156444397503548,0.157627629632835,0.256257152997073,0.216597249593804
0,5.14308518727559,7.0654239408709,2.18007363676843,875,125,0,1,0,0,0,0,0.5,0.5,0,1,1.36427264621451,0.037022961080429,0.219880860790507,0.681805954744359,2.78644573208557,2.73322251352499,0.703138541982554,0.183193597283791,0.036447265480696,0.044379595950738,0.994237043253158,2.0010915660313,1.36535172727273,0.304810520902655,0.078302164382273,0.085258620906593,0.038622353422926,0.054864963801482,1.2496560677921,0.223389767731244,0.118236415192881,0.040520712101065,0.029595538408309,0.739548067181839,1.97785515363616,0.652658848836726,1.0659243695385,0.718174065095578,0.337659724496093,0.874725103968832,2.07430635719641,1.09746457419733,1.12737051075124,0.774441498973829,2.06414571649524,0.977795618716035
0,5.18166959296137,6.16335402284305,1.89578378095492,875,125,0,1,0,0,0,0,0.501086956521739,0.498913043478261,0.037516469038208,0.962483530961792,1.6222640140624,1.61273669831352,1.76026778340666,0.730858210621942,0.276557941593576,1.50316128166801,1.71831845615579,1.95868749068063,2.05079989561792,0.057643032283109,0.040196935230193,0.112070004121972,1.61568007630839,1.86058899950219,1.47946109536606,0.041854584824177,0.05890445244652,0.379966195704222,1.73504914527992,1.53204622374004,1.13999418658349,0.10793188759542,0.071269250514719,0.137499936366473,1.71551418118305,1.78114869175869,1.53993778373346,0.103625642509766,0.150643943962205,0.42672485928736,2.37301390716444,2.35903199499896,2.51670489854715,1.61455149936793,1.43916168512975,2.50725399014228
0,5.21151302868566,8.50920806407538,1.07866426534941,875,125,0,1,0,0,0,0,0.5,0.5,0,1,0.226187576460989,0.10040646327892,0.201217711552811,0.068874785606133,0.208924189748503,0.901812171267611,0.070138408458941,0.199308874573131,0.180095589478088,0.155317034736475,0.566271217309443,0.52511107584924,0.058791238273839,0.175557784950566,0.162318911273309,0.492283211785701,0.552975259643269,0.67992666099626,0.110801102585013,0.247930724631567,0.744121581706905,1.03267618383514,0.790927090889244,0.380211947512911,0.20131462854996,0.055914790769494,0.289268265566743,1.1067550708112,0.134854142181508,0.693003779930887,0.033881520834602,0.088425738135106,0.226596000662576,0.503104729120779,0.501484801626364,0.639856253631381
0,2.25260165534148,2.74318726893731,2.13895045856723,875,125,0,1,0,0,0,0,0.973571797425609,0.026428202574391,0.317142560669929,0.682857439330071,2.49061212167908,2.58822435120394,2.71377827519303,2.69933797100253,2.60386984631634,2.58998145667376,2.72128695529655,2.49790720572078,2.59238804667853,2.68151979821003,2.68856000254615,2.51660443836688,2.18554880693424,2.25484699213344,2.71044583638554,2.57542812000719,2.45946341140166,2.53397548379619,1.13776199711105,1.64851523558017,1.16968596122998,1.2733920184728,1.60225195498534,0.892791235349792,0,1.16092572732689,1.80774546082297,1.9650839276722,1.51749348527642,0,0,0,3.5384916094295,2.13716767722649,0,0
0,5.35950396573725,7.65018651655914,1.01732122366482,875,125,0,1,0,0,0,0,0.5,0.5,0,1,1.0910881253663,0.738875483249954,0.52015908785904,0.832665286681801,1.78975074009368,1.58746781427827,0.66113415747891,0.38903116026509,0.426626858247719,0.692160139916999,0.504483480720698,1.16231448959927,0.748273854627431,0.305381522756592,0.709192782970511,0.58628444249635,0.270814122603108,0.767679528830473,0.492166868108789,0.801890152220807,0.643334426532427,0.442506694171321,0.305064008188623,0.387581204097438,0.32607921045977,0.183946259760472,0.205276772423427,0.297388724149169,0.3630258311517,0.299115108288476,0.833019181080492,0.518740076361789,0.454459458327865,0.457371823205989,0.497811526966833,0.411823699534862
0,5.08399027438254,5.57684443436023,1.62948264601064,875,125,0,1,0,0,0,0,0.500555555555555,0.499444444444445,0.003333333333333,0.996666666666667,1.80545641367949,2.25516803530112,0.067708335622753,0.045667990284652,0.041414640529717,0.969284795702774,1.95752585451006,1.82090247443067,0.044676468297906,0.060820226684303,0.051141144433241,0.41464377373322,1.83078153685216,1.24955962158949,0.05098197816884,0.055528361661777,0.055307826349059,0.232086420945438,1.64034847870846,1.27008899216786,0.054572053189315,0.039541269771446,0.039111192630707,0.560740940607801,1.53817377654847,1.78488039157632,0.459112382240169,0.057420927141758,0.081355773464287,0.886673427856981,1.22899365174381,1.08652440925239,0.861954823156736,0.402701449424816,0.731022477924858,1.58049949498815
0,5.37895907072497,9.33675127881361,0.599101639413298,0.873828125,0.126171875,0.00390625,0.99609375,0.009375,0.009375,0.03125,0.03125,0.502846441947566,0.497153558052434,0.011797752808989,0.988202247191011,0.094520534733635,0.129400773683376,0.103153237376816,0.093551907037226,0.06509961386537,0.154641688809776,0.075362430809208,0.232325389153806,0.061624433619435,0.04651783048868,0.0424972143127,0.1030879633048,0.273106367957869,0.538759954805158,0.248799777701143,0.05630355513452,0.048053528993144,0.139742969819331,0.214327550781842,0.385588642227233,0.192801076583155,0.048910565190433,0.049605120911564,0.21736500768551,0.105272966415441,0.323621566321291,0.140408644531209,0.103809930816356,0.074037520050963,0.17698798975777,0.7276452357442,0.739411855813636,0.649009915840896,0.351053388630901,0.292401033754911,0.357490034101327
0,5.10039034921854,9.08178817129371,0.572075395948673,875,125,0,1,0,0,0,0,0.50109126984127,0.49890873015873,0.01031746031746,0.98968253968254,0.965506986475113,0.307621404148743,0.079184573298861,0.076454408552884,0.285425598448397,0.108646195388426,0.474793980613129,0.305413802101621,0.246646549760821,0.072567537169786,0.237018349355731,0.114200798986261,0.538854252458154,0.200399612192793,0.107305201920389,0.128590368983833,0.060841214747187,0.065197764919367,1.02421059999348,0.376525963397985,0.319256733955644,0.172603141314579,0.197657566653152,0.368150689697433,1.43102342954747,0.848690337549043,0.278156327108151,0.114709132571472,0.127115820486238,0.184221858045129,1.00952391972864,0.645462608261591,0.134874524376716,0.107579253078377,0.065014096854157,0.071078702271005
0,5.25754730727922,9.15508472885989,0.581489576064633,875,125,0,1,0,0,0,0,0.5,0.5,0,1,0.723259912010045,0.226064694755609,0.790284380869744,0.586440040472706,0.195070992830297,0.227412025053393,0.790400379281279,0.438440607848373,0.590852292366195,0.509370073398894,0.28723176502453,0.099027131570178,0.702218098321749,0.431832454929488,1.02441030614721,1.36564046737067,1.22240394458978,0.694775857915125,0.376460941415083,0.397321922151806,0.549288127211394,0.988963311239892,0.138015272638215,0.115247177989984,0.677318250033116,0.608004780124195,0.387501746451405,0.373871756291233,0.202678669125606,0.117473909218855,0.937453529755732,0.448841884428148,0.285195040323575,0.280110098869928,0.495195500418449,0.74226826379002
0,5.38200522889562,6.56895355395802,1.82510660093707,0.873828125,0.126171875,0.00390625,0.99609375,0.009375,0.009375,0.03125,0.03125,0.496270461309524,0.503729538690476,0.135667162698413,0.864332837301587,1.87183521315083,0.699942164040825,0.264330413404034,0.722920180591113,0.6969984842871,1.59662626306708,1.31366982278824,0.262512854515374,0.64687395544142,1.11320271009205,1.02035929592461,1.50096751408972,0.871265055243842,0.32730725285291,0.459132418894714,1.01855218531455,0.703091906225898,1.10992410624297,0.931872512767774,0.444627126162007,0.654720900360783,0.916245366563131,0.601149394782291,0.505721720356298,0.125619758667519,0.138720692773358,0.188021495274905,0.20821219036924,0.139814170737298,0.243082771213001,0.117760545464482,0.1441814871956,0.201460463112406,0.158642369913422,0.235793507824763,0.217885736793072
0,5.06619231653431,9.34736132470048,0.419628908612239,875,125,0,1,0,0,0,0,0.5,0.5,0,1,0.189930846859409,0.138448024054259,0.615025145312778,0.392947593463033,0.367692978135807,0.264696321727646,0.1522604846885,0.267165234741002,0.579419649913475,0.519583992691753,0.277207702709944,0.227089699144298,0.256690898731143,0.159935510154308,0.512225657244731,0.463107316325844,0.28349741970056,0.509511805059673,0.204444899509346,0.203038266717461,0.744924512666602,0.525875365701408,0.496323634014133,0.451886053456144,0.139046430301621,0.13255883959267,0.660758850931122,0.642284445126021,0.230073987411608,0.242983348656274,0.107839238755806,0.119089623129197,0.747477156867221,0.928342153399949,0.305969622229804,0.219000853063761
0,5.19618224033182,10.0077493677822,0.296239283912791,875,125,0,1,0,0,0,0,0.5,0.5,0,1,0.180187494900361,0.146986588401003,0.12532134193374,0.103112049064664,0.084177346225119,0.075774799704957,0.09270422609309,0.130576171510059,0.0981041033056,0.138085275759375,0.198121690884166,0.111877498965991,0.103213868145903,0.092183030610743,0.114206954560033,0.08013675891538,0.094735712800361,0.074054757717671,0.044966265516418,0.114956165661936,0.208777264921299,0.197067404852427,0.084502123256209,0.074483917969681,0.079269279456933,0.113939147905471,0.362700448200166,0.195460623441686,0.186727472140943,0.348997126356293,0.191944588685934,0.194424948649403,0.615138255360243,0.363796272169369,0.369547041355649,0.755985548563477
0,5.3901182555609,7.34179370971281,1.60244169874829,875,125,0,1,0,0,0,0,0.5,0.5,0,1,1.91866679385969,0.276493435125691,0.185078723294529,0.113483100654689,1.17016296915092,2.52594557630721,0.148284024744941,0.208814135653448,0.136406594612821,0.141991062824148,0.177264162145236,2.14672066071916,0.195411715731409,0.201175543823411,0.211877868578449,0.223870065386152,0.208957465252643,0.847550333458431,0.175403905990733,0.138834064184541,0.219461776363791,0.39625352177826,0.179622815347627,0.217511128115871,1.49194485681794,0.682664687140663,0.812631377654599,1.15297947785707,1.05765338190092,1.31926842241622,0.58008096392012,0.730979461813569,0.549804837129884,0.865513509997388,0.920659479281211,0.833139599843887
0,2.66115078514175,3.11532739446894,2.34628626874994,0.76171875,0.23828125,0.097098214285714,0.902901785714286,0.1520996403521,0.1520996403521,0.110302751715255,0.110302751715255,0.5,0.5,0,1,2.59526124522588,1.90048280207756,1.57748359304398,2.11326440631825,1.41656545508804,2.05184612955129,1.60800588340008,2.13658474116221,1.9965121639487,1.72351566094582,1.89774335306594,1.43396888876678,2.58975170700403,1.40917610226218,2.59549400591815,2.47698555637195,1.77052069441669,2.22999207143809,0.021857636650985,0.941360957976523,3.70547419727282,3.47779521682085,0.985708944462499,0.188789425577449,1.88048506668053,2.25358928764595,3.14819937807167,3.33965904450074,2.1788870969674,1.61749922810278,2.26860186050236,2.81877767990114,2.64188897792743,3.21628939002378,3.20343041519171,2.35977398277417
0,3.6089388039836,4.57008253248203,3.63813338014595,0.753515625,0.246484375,0.107142857142857,0.892857142857143,0.153585919512887,0.153585919512887,0.111313388924854,0.111313388924854,0.500325520833333,0.499674479166667,0.0029296875,0.9970703125,1.37182312826279,0.023285073942156,0.040226952878654,0.035175638568467,0.02121178726866,0.195918315184842,0.085725641348446,0.044233056463707,0.029560239638686,0.035443854459256,0.02887061446208,0.046609313588766,0.056753055786904,0.070724745916122,0.059073995888687,0.021028735463771,0.022077373874637,0.029534792372505,0.108964407087027,0.058661647546173,0.320924172803596,0.035517043365956,0.224111639535234,0.025232820058643,1.72185562648487,0.853111624796881,0.479223007294009,0.967707841393423,1.19268040025516,1.5836439085803,0.028953758744067,0.028953758744067,0.028953758744067,2.10435554559161,0.028953758744067,2.04967320816993
0,5.43368385561592,9.28649763144468,0.123233932653579,875,125,0,1,0,0,0,0,0.501344086021505,0.498655913978495,0.011424731182796,0.988575268817204,0.055294970604092,0.163193685825869,0.057698971511341,0.042784355431732,0.070377913603891,0.093907001902745,0.142302497143655,0.121609109457205,0.160430120069558,0.091306498462898,0.056689252183778,0.062340020702989,0.080068612135413,0.151412538965746,0.210299999284847,0.224579502804193,0.095548824313025,0.133196838873038,0.037994430637628,0.05113760397648,0.229568784113813,0.182661356073049,0.150095029820444,0.114593143048489,0.087922095584235,0.103868727199914,0.209511943085908,0.228910842865697,0.070653174905385,0.161258659935172,0.108458700115653,0.078650261369445,0.176450340284982,0.304958889455715,0.081943253920438,0.148707050868492
