no,3.7749606609539716,5.917170446496514,4.017411166091254,0.7240513392857143,0.2759486607142857,0.12165178571428571,0.8783482142857143,0.16085373414461135,0.16085373414461135,0.1181460332799464,0.1181460332799464,0.5,0.5,0.0,1.0,1.7631219826190252,1.358026551171882,0.5245668401502419,0.4560169798859395,1.298245228023843,1.7614237237273649,1.0627409303863224,0.3785594235910281,0.34321128039075965,0.971308592554684,0.5885534454014847,1.321489468211781,0.5339012203559932,0.25798632608274996,0.2630672668474556,0.20648374493192723,0.284663854217845,0.7525462454118452,0.3683855995425773,0.2491677879292009,0.9376546209683871,0.2781069384344752,1.2341371670765078,0.7655816792788137,0.17800450351687402,0.2875348923968719,0.5282765131098666,0.8356872929317163,1.6654443498723235,0.4690155726340848,1.4020990877451562,1.6212972998006143,0.7557764239728861,1.9234535723142043,1.171008699337222,1.9678303417518221
no,5.509644819266748,9.341096180193254,0.1342231600545828,0.8724888392857143,0.12751116071428573,0.0078125,0.9921875,0.020089285714285712,0.020089285714285712,0.0625,0.0625,0.5002314814814814,0.4997685185185185,0.002777777777777778,0.9972222222222222,0.2266383433412722,0.21140953406346696,0.0770534698769314,0.08146238288747831,0.08634187053491882,0.10767441071055295,0.0556090181320954,0.14617952659898314,0.07834346813607773,0.09634817636262394,0.15051201826549576,0.06196185622955763,0.1686518950154463,0.09550676548201054,0.05463822814159869,0.11409217314891151,0.08682226642427349,0.07506243676729785,0.2542827419077156,0.15018173358616682,0.08715638044632801,0.10489664769864859,0.08051686859439222,0.08065275883943457,0.14917634649503952,0.13670357739629502,0.12000736213526508,0.11756719150475714,0.07680092159632057,0.07028600884091585,0.10008743123855268,0.11029938466120903,0.1304906362734739,0.19169552963124037,0.1325940206420837,0.0969108913055079
no,4.990205806260587,7.924566455571159,0.1947962837088572,875,125,0.0,1.0,0.0,0.0,0.0,0.0,0.5038425925925926,0.4961574074074074,0.14537037037037037,0.8546296296296296,0.0583623358416725,0.12753816300070842,0.11032712836476621,0.09952991909672182,0.2834108699864144,0.12430314429834599,0.06273773206804467,0.07312842462337876,0.05996169383152594,0.09210465361068554,0.11002882724061624,0.106564584969282,0.12637154581288979,0.10494155348931944,0.11750714094392833,0.08247008108436482,0.07012293065548736,0.1051620762560952,0.22737125528590107,0.07529174694009555,0.0885733716328776,0.1620712442226404,0.12095755598047653,0.11932673198613974,0.4318573152922016,0.4721914238562306,0.03377109213979157,0.07251725022738231,0.44248664444004415,0.06734843394277412,0.05146467994409942,0.3433134585662718,0.1545887440244984,0.1094329999590884,0.24397553670996341,0.09455114098872786
no,4.306866090288476,4.941243399120087,1.8923277219898336,875,125,0.0,1.0,0.0,0.0,0.0,0.0,0.5,0.5,0.0,1.0,2.4487490935178697,1.4723862649287374,0.10467833308627927,0.14684035750934665,1.3990866865983178,2.475653413232937,2.084499731753254,0.6512194843302104,0.07593434746628702,0.08485669566534515,0.6796714647579218,1.9678060762613052,2.133964914191297,0.5896558716411242,0.4161444305824684,0.21988832941784242,0.8458029596662517,2.0859204425221436,1.51541680090765,1.2012505829702644,1.0612750988909174,1.1065025636968175,1.2886161890260062,1.272117266700493,1.824155205502339,1.378187293584472,1.6495638979635987,1.5206219310352913,1.4168612248932968,1.6159492184839195,2.043097309063755,1.73182563321682,1.4297027903526573,1.470299820586758,1.8473633309443867,2.0187589572391698
no,5.374798635879711,6.602803069637658,0.3219392853795799,0.9989089726027268,0.0010910273972732118,0.026041666666666664,0.9739583333333334,0.00031102659256428405,0.0003110265925642798,0.11959200925333045,0.11959200925333045,0.5017064846416383,0.49829351535836175,0.005119453924914676,0.9948805460750854,0.31254850882723106,0.28464242904772297,0.034149064470338164,0.06571483197528805,0.062229685986510574,0.024515049599712402,0.15646461383674115,0.025941278366296228,0.030045171418317196,0.025497324550784572,0.029237689714976867,0.031202239617122096,0.0778733842428192,0.0644990042080007,0.0823268637903034,0.06775980780511626,0.12277792403102206,0.051976924052641316,0.12447331336538658,0.05768183911897884,0.06606441847075217,0.038333383450043,0.09728059948023837,0.04389911302021199,0.08202209547095851,0.09049904214278026,0.07604801983684206,0.07912481976167163,0.03486217885363008,0.03209014724814496,0.184434911021095,0.1331746024288698,0.025228163983004315,0.031471400184901466,0.07600320166072327,0.16347051356585895
no,3.4609865392387205,5.3353840149105665,3.7661965733903653,0.7094308035714286,0.29056919642857143,0.14229910714285715,0.8577008928571428,0.16172880493018182,0.16172880493018182,0.1211535145879795,0.12115351458797949,0.5,0.5,0.0,1.0,3.51685771384625,1.303281002750838,0.23836009289625348,0.2639409201283751,0.2840968500408767,3.148626140894849,0.9423067992824716,0.3439853684203156,0.42149392807966635,0.48950712482828873,0.3413675249221404,0.2268963304371736,0.38649823964078767,0.5720317601707263,0.5937304840502282,0.555275215944766,0.37114445824778297,0.33244656300315345,0.8505132598866254,0.539654366886821,0.5236561667665036,0.6403430199365765,0.6218042114120328,0.43381539346700393,1.6719524318032053,1.1407844806587413,0.6700279125182691,0.8375390877186328,1.7058296824604944,1.9096098077026333,3.0576386243213203,3.665511346905725,1.0771704662977255,0.9994620691864418,4.312240656012012,2.8261738417690574
no,5.32679168238705,7.17230507441791,1.0632643822457444,875,125,0.0,1.0,0.0,0.0,0.0,0.0,0.5014245014245015,0.4985754985754986,0.002849002849002849,0.9971509971509972,0.8442783148521715,1.0429858257530604,0.24097465085865544,0.0576943620984105,0.05442542378017734,0.04562724430561804,1.3227957296284965,1.6455072142329596,0.49094214095669964,0.05485173792099651,0.040073324406767696,0.059386703098648574,1.2163688339050789,1.6427726071086552,0.3761839217614411,0.09853206483522259,0.05447607942621158,0.05162573115428071,1.569724869759972,1.231242737636709,0.18026259670570877,0.058250706534217045,0.07395080373797747,0.07990773008482988,0.02919415698542771,0.03785068876295039,0.2604736183520284,0.1364642133248264,0.09831673733689827,0.09747811213043978,0.04015132800601684,0.030227471208087664,0.12234403967146523,0.24107669984268787,0.21046133067757733,0.16094683234069906
no,5.260976974204673,9.625706649772432,0.6777902474306616,875,125,0.0,1.0,0.0,0.0,0.0,0.0,0.5,0.5,0.0,1.0,0.7783026000995639,0.5030119805717739,0.4781623601253031,0.35727118482048326,0.5320601212066451,0.5958601896217628,0.7602509843162242,0.7851119693136344,0.6643286027955266,0.6025918121258327,0.5826061118964159,0.7454898067309186,0.661604749264491,0.5606204223095181,1.2527645877991915,1.0230758589994444,1.0024819059962624,0.8914624871779528,0.30345501912396244,0.8360696011760638,1.4298562888563042,0.7024936254907859,0.8744022146188488,0.9499079134407431,0.6989517368904732,1.2405570346370185,1.443781008189828,0.8993132785261428,0.6985990354670806,0.6929971479934149,0.9859842596527955,1.6149012001527367,1.7225443203910524,1.5936569925870359,0.8286772197733674,0.8417123892637592
no,5.294078514721525,8.879428873761492,0.3829061026246621,875,125,0.0,1.0,0.0,0.0,0.0,0.0,0.5114369501466276,0.48856304985337246,0.0710654936461388,0.9289345063538612,0.19508024039142224,0.11947899701957265,0.12983270986886453,0.31331512022032904,0.12016084490823609,0.3664390802289246,0.2710461948809426,0.04177612431762068,0.05142898937940732,0.1766747139195335,0.30402397818361937,0.17073570105606795,0.07953765742526286,0.03225621544126689,0.08444558910984057,0.03716507458672069,0.07330322978716985,0.04150761070935971,0.051870944066607194,0.02770845143461642,0.1121792850102743,0.06493233738644566,0.08018600051375646,0.05486481529690135,0.03686408403847974,0.03736089384008778,0.07706751630116404,0.23180063014611996,0.1235575956567665,0.051853392712017055,0.058076661415512376,0.04452152429302636,0.15644439750354788,0.1576276296328345,0.2562571529970734,0.21659724959380444
no,5.143085187275589,7.065423940870904,2.180073636768428,875,125,0.0,1.0,0.0,0.0,0.0,0.0,0.5,0.5,0.0,1.0,1.3642726462145096,0.03702296108042891,0.21988086079050717,0.6818059547443589,2.786445732085569,2.7332225135249946,0.703138541982554,0.1831935972837906,0.03644726548069599,0.044379595950737816,0.9942370432531575,2.001091566031304,1.3653517272727314,0.30481052090265504,0.078302164382273,0.08525862090659242,0.03862235342292575,0.05486496380148154,1.2496560677920998,0.22338976773124397,0.11823641519288142,0.040520712101065115,0.02959553840830864,0.7395480671818389,1.977855153636161,0.652658848836726,1.065924369538497,0.7181740650955781,0.33765972449609283,0.8747251039688324,2.0743063571964098,1.0974645741973288,1.1273705107512413,0.7744414989738289,2.064145716495239,0.9777956187160353
no,5.181669592961365,6.163354022843053,1.8957837809549187,875,125,0.0,1.0,0.0,0.0,0.0,0.0,0.5010869565217392,0.4989130434782609,0.03751646903820817,0.9624835309617918,1.6222640140624027,1.6127366983135238,1.760267783406663,0.7308582106219421,0.27655794159357594,1.5031612816680058,1.71831845615579,1.9586874906806293,2.050799895617923,0.057643032283109186,0.04019693523019274,0.11207000412197221,1.61568007630839,1.8605889995021925,1.479461095366061,0.04185458482417648,0.05890445244652032,0.3799661957042222,1.7350491452799246,1.5320462237400392,1.1399941865834897,0.10793188759542005,0.07126925051471922,0.13749993636647329,1.7155141811830474,1.7811486917586938,1.5399377837334551,0.10362564250976636,0.15064394396220493,0.4267248592873596,2.3730139071644425,2.359031994998957,2.5167048985471476,1.6145514993679284,1.439161685129748,2.5072539901422823
no,5.211513028685656,8.509208064075382,1.0786642653494116,875,125,0.0,1.0,0.0,0.0,0.0,0.0,0.5,0.5,0.0,1.0,0.22618757646098864,0.10040646327891967,0.2012177115528111,0.06887478560613314,0.2089241897485028,0.9018121712676108,0.07013840845894137,0.1993088745731315,0.18009558947808824,0.15531703473647518,0.5662712173094429,0.5251110758492405,0.05879123827383914,0.1755577849505663,0.16231891127330922,0.49228321178570056,0.5529752596432695,0.6799266609962604,0.11080110258501286,0.2479307246315674,0.7441215817069047,1.0326761838351408,0.7909270908892436,0.3802119475129109,0.20131462854995963,0.055914790769493905,0.2892682655667427,1.1067550708112002,0.13485414218150815,0.693003779930887,0.03388152083460216,0.0884257381351059,0.22659600066257557,0.5031047291207793,0.501484801626364,0.6398562536313808
no,2.2526016553414805,2.743187268937315,2.138950458567233,875,125,0.0,1.0,0.0,0.0,0.0,0.0,0.9735717974256093,0.026428202574390727,0.3171425606699287,0.6828574393300713,2.4906121216790758,2.5882243512039365,2.7137782751930297,2.6993379710025303,2.6038698463163445,2.5899814566737636,2.721286955296551,2.497907205720776,2.592388046678528,2.681519798210026,2.688560002546149,2.5166044383668784,2.1855488069342446,2.2548469921334386,2.7104458363855377,2.5754281200071913,2.4594634114016576,2.533975483796191,1.1377619971110542,1.6485152355801702,1.1696859612299813,1.2733920184728045,1.602251954985341,0.892791235349792,0.0,1.1609257273268947,1.8077454608229684,1.965083927672202,1.517493485276415,0.0,0.0,0.0,3.5384916094294985,2.137167677226486,0.0,0.0
no,5.359503965737245,7.6501865165591445,1.0173212236648161,875,125,0.0,1.0,0.0,0.0,0.0,0.0,0.5,0.5,0.0,1.0,1.091088125366297,0.738875483249954,0.5201590878590396,0.8326652866818005,1.7897507400936794,1.5874678142782699,0.66113415747891,0.3890311602650902,0.42662685824771884,0.6921601399169992,0.5044834807206975,1.1623144895992708,0.7482738546274312,0.30538152275659236,0.7091927829705109,0.5862844424963498,0.2708141226031078,0.767679528830473,0.4921668681087894,0.8018901522208073,0.6433344265324266,0.44250669417132116,0.3050640081886229,0.38758120409743846,0.3260792104597696,0.18394625976047152,0.205276772423427,0.29738872414916884,0.36302583115169984,0.29911510828847554,0.8330191810804926,0.5187400763617891,0.4544594583278654,0.4573718232059889,0.4978115269668333,0.4118236995348621
no,5.0839902743825425,5.576844434360226,1.6294826460106449,875,125,0.0,1.0,0.0,0.0,0.0,0.0,0.5005555555555555,0.49944444444444447,0.0033333333333333335,0.9966666666666667,1.8054564136794906,2.255168035301115,0.06770833562275325,0.045667990284652404,0.04141464052971644,0.9692847957027739,1.9575258545100613,1.820902474430671,0.044676468297905725,0.060820226684302536,0.051141144433240804,0.4146437737332196,1.8307815368521583,1.2495596215894889,0.050981978168840314,0.055528361661777215,0.05530782634905895,0.2320864209454383,1.6403484787084572,1.2700889921678589,0.05457205318931457,0.0395412697714459,0.039111192630706615,0.5607409406078014,1.5381737765484709,1.7848803915763165,0.4591123822401686,0.05742092714175806,0.08135577346428668,0.886673427856981,1.2289936517438127,1.0865244092523936,0.861954823156736,0.40270144942481645,0.7310224779248577,1.580499494988152
no,5.378959070724966,9.336751278813612,0.599101639413298,0.873828125,0.126171875,0.00390625,0.99609375,0.009374999999999994,0.009375000000000001,0.03125,0.03125,0.5028464419475656,0.49715355805243444,0.011797752808988765,0.9882022471910112,0.09452053473363531,0.12940077368337644,0.10315323737681581,0.09355190703722638,0.06509961386537011,0.15464168880977613,0.07536243080920801,0.23232538915380552,0.061624433619434704,0.04651783048868019,0.04249721431270004,0.10308796330479986,0.2731063679578689,0.5387599548051583,0.2487997777011426,0.056303555134520344,0.04805352899314386,0.13974296981933065,0.2143275507818423,0.38558864222723255,0.19280107658315515,0.048910565190432465,0.049605120911563994,0.21736500768551004,0.10527296641544126,0.32362156632129135,0.14040864453120872,0.10380993081635559,0.07403752005096287,0.17698798975777041,0.7276452357442,0.7394118558136364,0.649009915840896,0.3510533886309011,0.2924010337549108,0.3574900341013265
no,5.100390349218536,9.081788171293706,0.572075395948673,875,125,0.0,1.0,0.0,0.0,0.0,0.0,0.5010912698412698,0.49890873015873016,0.010317460317460317,0.9896825396825397,0.9655069864751131,0.30762140414874306,0.07918457329886053,0.07645440855288399,0.28542559844839666,0.10864619538842568,0.4747939806131285,0.3054138021016213,0.246646549760821,0.07256753716978626,0.23701834935573096,0.11420079898626057,0.5388542524581537,0.20039961219279334,0.10730520192038906,0.1285903689838328,0.06084121474718707,0.06519776491936735,1.0242105999934772,0.3765259633979854,0.319256733955644,0.1726031413145792,0.19765756665315237,0.36815068969743336,1.4310234295474697,0.8486903375490433,0.2781563271081513,0.11470913257147242,0.12711582048623793,0.18422185804512914,1.0095239197286388,0.6454626082615906,0.1348745243767162,0.10757925307837723,0.06501409685415727,0.07107870227100488
no,5.257547307279215,9.155084728859885,0.5814895760646327,875,125,0.0,1.0,0.0,0.0,0.0,0.0,0.5,0.5,0.0,1.0,0.7232599120100449,0.22606469475560864,0.7902843808697435,0.5864400404727057,0.1950709928302965,0.2274120250533933,0.7904003792812793,0.43844060784837335,0.5908522923661952,0.5093700733988937,0.2872317650245302,0.09902713157017828,0.7022180983217492,0.43183245492948785,1.0244103061472138,1.3656404673706741,1.2224039445897756,0.6947758579151246,0.37646094141508346,0.3973219221518063,0.5492881272113941,0.9889633112398917,0.13801527263821534,0.11524717798998374,0.6773182500331156,0.6080047801241948,0.387501746451405,0.3738717562912326,0.20267866912560617,0.11747390921885525,0.9374535297557323,0.4488418844281483,0.28519504032357457,0.2801100988699279,0.49519550041844873,0.7422682637900202
no,5.382005228895617,6.568953553958016,1.8251066009370738,0.873828125,0.126171875,0.00390625,0.99609375,0.009374999999999994,0.009375000000000001,0.03125,0.03125,0.4962704613095238,0.5037295386904762,0.1356671626984127,0.8643328373015873,1.8718352131508267,0.6999421640408254,0.26433041340403385,0.7229201805911134,0.6969984842871004,1.5966262630670807,1.3136698227882446,0.2625128545153741,0.64687395544142,1.1132027100920463,1.0203592959246066,1.5009675140897198,0.8712650552438417,0.32730725285290996,0.4591324188947139,1.0185521853145514,0.7030919062258976,1.1099241062429748,0.9318725127677738,0.4446271261620067,0.6547209003607826,0.9162453665631314,0.6011493947822908,0.5057217203562976,0.1256197586675185,0.13872069277335797,0.18802149527490464,0.20821219036924,0.1398141707372984,0.24308277121300126,0.11776054546448211,0.14418148719559998,0.20146046311240617,0.15864236991342207,0.23579350782476283,0.21788573679307177
no,5.066192316534307,9.347361324700485,0.4196289086122389,875,125,0.0,1.0,0.0,0.0,0.0,0.0,0.5,0.5,0.0,1.0,0.18993084685940875,0.1384480240542585,0.615025145312778,0.3929475934630329,0.3676929781358069,0.2646963217276461,0.15226048468850006,0.26716523474100207,0.5794196499134747,0.5195839926917527,0.2772077027099442,0.22708969914429833,0.2566908987311427,0.15993551015430807,0.5122256572447315,0.4631073163258437,0.2834974197005602,0.509511805059673,0.20444489950934575,0.20303826671746084,0.7449245126666018,0.5258753657014079,0.49632363401413304,0.4518860534561444,0.13904643030162145,0.13255883959266956,0.6607588509311215,0.6422844451260206,0.23007398741160756,0.24298334865627425,0.10783923875580648,0.11908962312919691,0.7474771568672205,0.9283421533999494,0.30596962222980384,0.21900085306376127
no,5.196182240331823,10.007749367782152,0.2962392839127912,875,125,0.0,1.0,0.0,0.0,0.0,0.0,0.5,0.5,0.0,1.0,0.1801874949003608,0.14698658840100265,0.12532134193374045,0.10311204906466376,0.08417734622511919,0.07577479970495737,0.09270422609309037,0.13057617151005907,0.09810410330559982,0.13808527575937468,0.1981216908841663,0.11187749896599097,0.10321386814590294,0.09218303061074273,0.11420695456003305,0.08013675891537986,0.09473571280036097,0.07405475771767112,0.04496626551641825,0.114956165661936,0.20877726492129867,0.1970674048524268,0.08450212325620843,0.07448391796968057,0.07926927945693318,0.11393914790547122,0.3627004482001661,0.19546062344168647,0.18672747214094265,0.3489971263562932,0.19194458868593411,0.19442494864940318,0.6151382553602431,0.3637962721693695,0.36954704135564853,0.7559855485634772
no,5.3901182555609015,7.341793709712808,1.602441698748291,875,125,0.0,1.0,0.0,0.0,0.0,0.0,0.5,0.5,0.0,1.0,1.9186667938596895,0.27649343512569047,0.185078723294529,0.11348310065468947,1.1701629691509194,2.525945576307205,0.1482840247449415,0.20881413565344786,0.13640659461282123,0.14199106282414764,0.177264162145236,2.146720660719164,0.19541171573140925,0.2011755438234113,0.2118778685784486,0.22387006538615228,0.20895746525264336,0.8475503334584311,0.1754039059907333,0.13883406418454136,0.21946177636379094,0.39625352177826034,0.17962281534762692,0.2175111281158708,1.4919448568179425,0.6826646871406625,0.8126313776545988,1.152979477857074,1.0576533819009248,1.319268422416222,0.5800809639201203,0.7309794618135688,0.5498048371298836,0.8655135099973879,0.9206594792812108,0.8331395998438866
no,2.6611507851417544,3.115327394468941,2.3462862687499357,0.76171875,0.23828125,0.09709821428571429,0.9029017857142857,0.15209964035209977,0.15209964035209977,0.11030275171525522,0.11030275171525523,0.5,0.5,0.0,1.0,2.595261245225877,1.900482802077561,1.577483593043977,2.1132644063182475,1.4165654550880364,2.0518461295512904,1.6080058834000792,2.1365847411622148,1.996512163948697,1.7235156609458246,1.8977433530659416,1.4339688887667785,2.5897517070040323,1.4091761022621823,2.59549400591815,2.4769855563719503,1.7705206944166885,2.229992071438093,0.021857636650984644,0.9413609579765229,3.7054741972728236,3.4777952168208524,0.9857089444624986,0.1887894255774487,1.880485066680531,2.2535892876459527,3.1481993780716713,3.3396590445007446,2.178887096967396,1.6174992281027767,2.2686018605023586,2.8187776799011446,2.641888977927434,3.2162893900237837,3.203430415191712,2.359773982774172
no,3.608938803983599,4.570082532482027,3.6381333801459466,0.753515625,0.246484375,0.10714285714285714,0.8928571428571428,0.15358591951288716,0.15358591951288716,0.11131338892485422,0.11131338892485423,0.5003255208333334,0.4996744791666667,0.0029296875,0.9970703125,1.371823128262788,0.023285073942155954,0.040226952878653854,0.03517563856846717,0.02121178726866013,0.1959183151848416,0.08572564134844551,0.04423305646370679,0.029560239638685815,0.03544385445925613,0.028870614462079836,0.046609313588765744,0.056753055786903595,0.07072474591612199,0.05907399588868678,0.021028735463771042,0.022077373874636486,0.029534792372504448,0.1089644070870266,0.05866164754617298,0.3209241728035961,0.035517043365955736,0.22411163953523427,0.025232820058643135,1.721855626484871,0.8531116247968806,0.4792230072940086,0.9677078413934233,1.1926804002551559,1.583643908580298,0.028953758744067165,0.028953758744067165,0.028953758744067165,2.104355545591611,0.028953758744067165,2.049673208169934
no,5.433683855615918,9.286497631444684,0.12323393265357885,875,125,0.0,1.0,0.0,0.0,0.0,0.0,0.5013440860215054,0.4986559139784946,0.0114247311827957,0.9885752688172043,0.055294970604092164,0.16319368582586868,0.05769897151134096,0.0427843554317322,0.0703779136038909,0.09390700190274526,0.14230249714365506,0.12160910945720538,0.1604301200695577,0.09130649846289796,0.056689252183778294,0.0623400207029885,0.08006861213541328,0.15141253896574636,0.21029999928484688,0.22457950280419325,0.09554882431302492,0.13319683887303846,0.037994430637628085,0.05113760397648015,0.22956878411381254,0.1826613560730488,0.1500950298204442,0.11459314304848878,0.08792209558423458,0.10386872719991391,0.20951194308590804,0.22891084286569718,0.07065317490538447,0.1612586599351724,0.10845870011565317,0.07865026136944486,0.17645034028498152,0.30495888945571537,0.08194325392043744,0.14870705086849245
no,5.448519406346389,7.094867978924231,1.3617302146109307,0.86953125,0.13046875,0.0078125,0.9921875,0.03548662558257822,0.03548662558257822,0.043842023400762604,0.043842023400762604,0.5,0.5,0.001267636684303351,0.9987323633156967,2.983160671373922,3.3220851874544963,3.3877086948321695,3.3082225756274233,3.387899063964543,3.1009662354905845,2.98180155088802,3.069176106271264,3.554985021244502,3.360737807336318,3.224064585180937,2.8920695485638968,2.805999608873561,3.156012964446654,3.300321744443517,3.056697344693126,3.306466403160288,2.726357350053811,2.79209633670901,2.9900242386596916,2.9049876577707425,2.76192790327391,2.725470771998044,2.5595267256303087,2.5018702240747657,2.092313378260874,1.9430013784655449,1.4590521498478708,1.6847033795250095,1.5504315625296003,2.0201236724691283,1.8130920564410786,1.8395885473053735,1.7345940137750988,1.5100653734860892,1.8926387756667573
no,4.804973207591836,7.09389671815855,0.5613965708261145,875,125,0.0,1.0,0.0,0.0,0.0,0.0,0.4731712962962963,0.5268287037037037,0.05882409325424031,0.9411759067457597,0.8791665710629646,1.0935615311256566,0.5509514175778301,0.2529349385169901,0.6742352464496477,0.42947653750449977,0.3681586574516107,0.274716061648288,0.3191444551194955,0.4126677610871554,0.3566112247808131,0.42812977599221336,0.2815711830835319,0.6935948508318877,0.5320846375002923,0.5108554848920757,0.5551539586564664,0.4347272054415714,1.1086105063828726,0.49166243918800445,0.4295035068757227,0.5347007440339548,1.1830938431731157,0.7264317634711621,0.6565004880448382,0.5240225424569904,0.4184750289725945,0.24372841290042757,0.5226379949206712,0.37625679143013313,0.31885568499627404,0.19288581579390973,0.3221420488233182,0.3730053434432632,0.2074520201436778,0.23054635088635145
no,4.894167306237701,6.405543933130724,1.5385959632041264,875,125,0.0,1.0,0.0,0.0,0.0,0.0,0.5,0.5,0.0,1.0,1.9906535118442563,2.04704474769961,2.0530782006016213,2.0954599472869075,2.0843105835732216,2.2364386158536784,0.5788401997400929,0.7242335671004319,1.135807352389076,1.7586711883667756,1.7242379816876303,1.8342766518930387,0.5974288974728692,0.43954599980114484,0.289254953153395,0.5195582305576534,0.8573128438606572,0.6913078688463621,0.6748130773650969,0.45460879948977384,0.41478241336461874,0.3664476133132215,0.9039522461354221,1.1368374739089893,0.703622998912333,0.4321660715173734,0.8803247339019715,0.5043871268939228,0.9945679850325839,1.0050737334431394,0.4985937913462011,0.8437763821089805,0.33560924958483795,0.6249266767156949,0.5907720828002976,1.1840384692531636
no,5.433643513902554,7.348066088896025,1.7540150994227681,0.848828125,0.151171875,0.03515625,0.96484375,0.07525481679199562,0.07525481679199562,0.08759561102834189,0.08759561102834189,0.5,0.5,0.0,1.0,1.9095748641288939,1.8185248747211191,1.7876296167669001,1.8044361844129817,1.852375408677168,1.6976181381447564,1.9849454055547446,2.0251748595160084,2.068809512618251,1.9867292458330459,1.9556697706260087,2.0905242154705777,0.415598261216406,0.44232130765355837,0.6432212542821567,0.7561622753876378,0.6010924693555708,0.8943267114868694,0.08591919885602906,0.05643872749266077,0.07942478754525872,0.11277680691335856,0.10510950067715985,0.16199947887696275,0.059285870258103834,0.09175323763653864,0.09225157746848645,0.781444208338562,0.03542550294623936,0.17727969413753986,0.1297959228834884,0.09168640470648448,0.5288130409865923,0.1637405788869204,0.4228550646486733,0.3510203515464525
no,5.179141498819345,6.118380516446474,1.0087708545507348,875,125,0.0,1.0,0.0,0.0,0.0,0.0,0.5,0.5,0.0,1.0,1.4451928973466792,1.2916805597539756,0.8727398680271685,1.1287724076597474,1.7365576922442845,1.32700344883128,1.7831480609148338,1.2993979747342834,1.7105475013366451,1.494409082090053,1.851645821374463,0.8139738920241135,1.8992390248457518,1.6479280873322004,1.4932705808330935,1.673410042086104,1.2876203653697829,0.6943962884479493,1.1998751713986961,1.2710649815138937,1.126530274268554,1.3450001188704324,0.9493617034110438,1.2491730830162235,0.5086620827289576,0.6505647240417733,0.6130835129243479,0.6158077490560512,1.5749695197359985,1.2498057467207397,0.9678624752798988,0.7520217029884626,0.7308041043359199,1.3306798491230123,1.4476488695052865,1.265397262828769
no,5.143794383097648,6.395860690223594,1.5771935172430045,875,125,0.0,1.0,0.0,0.0,0.0,0.0,0.5,0.5,0.0,1.0,2.937233040911601,2.9404900297364125,2.2733331153123064,1.3453273007069741,2.700719215550392,3.2239602264802008,1.5938305198302283,1.041226977495266,0.9833765848642235,1.1841636664811466,1.0980756936655585,1.611686313833439,1.0797385680280245,1.9005624973315633,2.999259545771644,3.2278689032932775,1.9794363378558142,2.164423635664625,1.878880424025922,2.2387665543513617,2.779050685180604,2.5659558297097544,3.005253180976195,3.277451601481033,1.9496804053260473,2.128792309405179,1.9932830354876279,1.9301792799985127,2.256240699421905,2.459496595269706,2.37371831820739,2.573341284457169,3.091243280356759,2.6286790948958423,2.255652056070205,2.534147430573831
no,5.155960855015645,7.477545980468364,0.6689098012212119,875,125,0.0,1.0,0.0,0.0,0.0,0.0,0.4967315124111999,0.5032684875888,0.0931488292914203,0.9068511707085797,0.7277961091002387,0.8497612517651985,1.5237206652384785,0.6849465164501298,0.7974113563695271,1.2757302442250453,0.7027642689340574,0.6685355098794017,0.5255510157979062,0.4164725891524732,0.939088718003322,1.3290698497853137,0.8499620406537702,0.5193258072120956,0.4440340826507647,0.9860265010831193,1.1232877020053578,1.0606795343876358,0.758260939979146,0.6027404225384645,0.44127854810021017,0.32900979966015687,0.4656300710030177,0.6774604809877909,0.9330506024739216,0.7056490777866631,0.7132777381222857,0.4880516784364852,0.7157428579650951,0.539756023857862,0.6345282945433004,0.5199776149726274,0.5810319807867277,1.0801705943117677,0.3643372525519206,0.6126759776366444
no,4.831209682346437,5.196168096254799,2.974541377234363,875,125,0.0,1.0,0.0,0.0,0.0,0.0,0.5,0.5,0.0,1.0,0.81700928122504,0.81700928122504,0.81700928122504,0.81700928122504,0.81700928122504,0.81700928122504,0.857030825099095,0.857030825099095,0.857030825099095,0.857030825099095,0.857030825099095,0.857030825099095,0.8467722454148952,0.8467722454148952,0.8467722454148952,0.8467722454148952,0.8467722454148952,1.5026774510713063,0.7144973409963865,0.7848316023115334,1.7297049303488354,1.5032431877973975,1.2071369999159955,0.7472785668761244,1.9215699696080524,0.7908837796098709,0.5750073654096299,0.4456698399506349,0.37673361849889186,0.340601252114177,0.4360737769822176,0.4613346534866132,0.3569431929614053,0.25294302069797503,0.39719211151919076,0.5096375449934838
no,5.32283479399061,6.388047002196799,2.362717314854172,875,125,0.0,1.0,0.0,0.0,0.0,0.0,0.5,0.5,0.0002777777777777778,0.9997222222222222,3.3166298442942694,3.435447243035433,3.5963643462212707,3.6334392970908596,2.1917272386808677,2.6543513879891947,3.5852637957416604,3.4871313048044352,3.489804719968748,2.908882289115554,0.4721507449358544,3.0997686301781666,3.1318695528008402,3.151597817950303,3.3388999180943473,0.9689230245274976,1.2675269435289085,1.0568210858047147,3.0184169942980987,3.0034782408938008,2.634656488080501,0.6436343881413498,1.675534773653765,1.6231006849453409,3.1139126724760864,3.134158569563438,1.9381342762310045,1.8875553590598773,1.7768161976681078,1.0419342703883627,1.565904487457927,1.3928607091355483,1.0954921365568193,1.7028575993565416,1.9174977291233057,0.8451988117531437
no,5.363542072569025,7.210188755879346,1.5133735122856367,875,125,0.0,1.0,0.0,0.0,0.0,0.0,0.5003607503607503,0.49963924963924966,0.0025974025974025974,0.9974025974025974,1.2829334971919595,1.344636522982952,1.1820023632585404,1.1275221512491282,1.1498290089182053,1.1239049016272356,0.3550510452196569,0.233354207636415,0.4547455498732984,0.07708049616157098,0.046273129172996086,0.03013741048706997,0.4833763160539615,0.378599902634138,0.34660917737536634,0.06716126291759039,0.07005038461306246,0.07885914025735108,0.5736135254701917,0.15615527203239932,0.056190345530700014,0.06265845779809176,0.19303360784661816,0.3495429297623418,0.17882843275639448,0.2571941382493801,0.15580102898804782,0.08611822141937697,0.31419467288077163,0.18923308366133185,0.09707613048359587,0.0930151715424623,0.17785762228927915,0.08321588285189296,0.10377235307412569,0.578450906556383
no,5.313118406499077,6.609690167957179,0.8638326116299164,875,125,0.0,1.0,0.0,0.0,0.0,0.0,0.5006680026720107,0.49933199732798933,0.001002004008016032,0.998997995991984,1.2215888689796728,1.1179342496211078,1.2951135277907215,1.460511605102358,1.4537764436872531,1.494032277886979,0.9007353684659214,0.978946868212943,0.629066519659244,0.5834989486290927,0.7751903606233661,0.7926273132961783,1.1484468974432027,1.4101027502938739,1.0949543001785358,0.6660869889675531,0.9010581583275403,0.6037061659503395,1.0637613104317056,1.1546093073459525,0.5917722731822228,1.2152267180975356,1.096132666522096,0.6157881381611436,0.938378971177277,0.5000544748448759,0.6531608813596876,0.6602942835469285,1.1731679696682478,1.5639519101662054,0.6430593166819132,0.21465664494209236,0.2465274870796197,0.6650416359019484,0.9243353739462772,0.6278611442529938
no,4.980692064494532,7.501435799960811,2.3763828701388614,875,125,0.0,1.0,0.0,0.0,0.0,0.0,0.5,0.5,0.0,1.0,3.3729031581176248,1.6532637471368634,0.7524407654700882,0.6108201008331182,2.898352103290175,3.6999638712243383,3.3014826953863334,0.7529897260976437,0.8613329069103228,0.9635787009885526,1.328679593160683,3.1046308004617758,1.3534308235107408,0.4419693785459522,1.2338733138364972,1.1192653255090343,1.1759535461046289,0.5553094648911339,0.7711305499017804,0.48987912703709835,1.667306586676352,0.8336302532092112,1.166469100998222,0.4316682088146244,1.0324472093199235,0.8625373005404864,1.0333156083272064,0.870880608354442,0.377851327449795,0.4377204891806743,0.9759607897409275,0.3822657132120355,0.6075855457231576,0.58944927908074,0.39641683910905723,0.3520242123419921
no,5.366475361053844,8.166471903728707,1.3781246423633209,875,125,0.0,1.0,0.0,0.0,0.0,0.0,0.5007170704539126,0.49928292954608744,0.00650932887774993,0.9934906711222501,2.1444327714388676,1.6338110420206773,2.529941875340771,2.5371897685851876,2.8784897496707282,2.678093912600359,1.8795361159550508,1.5899263665187888,2.46082063293212,2.4189284673397844,2.2266310459928262,2.3783019344822653,1.8230493560258045,1.7117008672951597,2.0152825126681915,2.305956463230359,2.1404806983573974,2.0969220449411163,2.206424948058603,1.7565101342216138,1.1667609131866037,2.237690900109583,2.0314220212479928,1.4403271041912609,1.4015350233617871,1.3947541958792895,0.8647120991462538,2.0358211079580832,2.3883899221427924,1.785905123803702,0.683666113501384,1.2226770195430534,1.0104642954597622,0.9332883484989436,2.0769890671940643,1.997506774251642
no,5.334737224330134,6.982028306053958,1.2976077252881653,875,125,0.0,1.0,0.0,0.0,0.0,0.0,0.5019083969465649,0.49809160305343514,0.01539440203562341,0.9846055979643766,1.5707638312032493,1.569252807644053,1.6760189102980543,2.0359098141117156,1.7569408460090465,1.746188586387062,1.4478489243641235,1.639377365801327,1.3310901070620083,1.9217378468355606,2.324738890935189,1.9837535139658176,1.3658624571806062,1.380071584682765,0.9690384165197776,1.555482016650775,1.364583026818659,0.3326386507007335,0.7868959695567881,0.7660348689836618,0.6239834465553726,0.7996981839044657,0.3219970530595351,0.13718569092547206,1.0610884034963246,0.8614358525689179,0.9876544318455664,0.34878549302080764,0.2636193957828459,0.3548388754142362,1.0195785555810417,0.8549207033692108,0.9469104750836785,0.746181870922078,0.38634496264738694,0.31143474524770554
no,5.060598925372103,6.7247015339318486,1.6692242712996064,875,125,0.0,1.0,0.0,0.0,0.0,0.0,0.5002202643171806,0.49977973568281936,0.08933990630025872,0.9106600936997413,1.119806697878853,0.4721389220574368,0.48656322841189326,0.5218877428910034,1.9543841930294348,2.7511060752301724,0.5186617571852752,0.4713932826528726,1.0242478134558697,1.3819033965194274,0.49577210988172293,1.0845960356758964,0.5116254896920136,1.0335910145727238,2.040490951616087,1.83477967475097,1.2130697603969671,0.528993957104201,0.7035435685078957,1.5014873949284344,1.3021459221228637,1.4052492317542589,1.0934681872934155,0.9341830168471077,1.8586590119919197,0.7971381699121349,1.0450275722105329,0.28808814641002467,0.6039950480199936,1.0259496341967096,1.0205491239075122,0.24233786392727197,0.34920117296542497,0.5572731455046274,0.6115612632181016,0.3881594619262101
no,5.358881255398231,7.071912821748303,1.760440612028581,875,125,0.0,1.0,0.0,0.0,0.0,0.0,0.5,0.5,0.0,1.0,3.285655615573607,3.082928165919012,3.057914522599644,3.0089688736205376,3.0343478356333593,3.117711101640971,3.1292358954074806,2.8812991752376096,2.19227404682142,2.635880006161736,3.01789867909649,3.0092007133590295,1.7410796709905876,1.387974601610006,1.1696029671879113,1.122408033725753,1.4129202555044102,1.6406257442436596,1.02495912762343,1.0626719866857952,0.9332457982423099,1.1794429573776286,1.0902939560473328,0.8557818217695505,1.5748205020341492,1.752937829571421,1.4010112652025937,1.240085206274573,1.08545495014579,1.2934812978195191,1.8551293566407883,2.321851884630699,1.6262714275507504,2.1548482151201562,2.119620640950744,1.850795099776061
no,5.380940922627342,8.575891942950033,1.8763762099464143,875,125,0.0,1.0,0.0,0.0,0.0,0.0,0.5003333333333333,0.49966666666666665,0.001888888888888889,0.9981111111111111,2.9643027092927765,2.302947304434751,2.0195055607135166,2.0490751767382585,1.5763496005112994,0.7358297775068152,2.516940634169892,1.9287741044485252,1.6770710720221893,1.528103410086168,1.006257493461523,0.3802332748711805,2.099619491861018,1.301538225757458,1.4496132473570107,0.8959503172896772,0.40577619375097207,0.1998134988391005,1.6799391591389026,1.2952469104780828,1.0491296911762653,0.5199485889503022,0.28233356074033633,0.18258479259633287,1.870717684647976,1.1285992720577909,0.29105872577744396,0.2869384385982725,0.2988059737045976,0.16998835457466122,1.8271180614070142,0.39853878554363575,0.36764051174732604,0.16898002570043857,0.3515945158474736,0.1977921100234079
no,5.358021131517256,6.136998671464952,1.7487767466268622,875,125,0.0,1.0,0.0,0.0,0.0,0.0,0.5021666666666667,0.49783333333333335,0.13662902375402375,0.8633709762459763,1.7018317995867442,2.248787545290548,1.1683098348488112,1.4547286870925697,0.9446892259189426,0.5582466907038883,2.390203761271589,1.4085229570043047,0.39382911581575497,1.0263093696235899,2.522684189003302,1.7703747186392276,2.4025678459743505,0.987198028924861,0.43746668536301403,0.08338979848905392,0.7672929262497581,2.321841474151399,1.6851430595915144,0.8609442948617776,0.299506604256067,0.05845011917155052,0.09650899545420799,0.4671952607137566,1.4109967063003634,0.5140351730087795,0.1191440607887726,0.1258478323674983,0.07261420112673544,0.06681118943667741,1.0425446957503608,0.5066842896974078,0.1888071215154139,0.05414789413399923,0.05520800960418182,0.08983955204068117
no,4.996778237436592,5.619724457194021,1.5501245043260041,875,125,0.0,1.0,0.0,0.0,0.0,0.0,0.5002083333333334,0.4997916666666667,0.0035416666666666665,0.9964583333333333,1.0659309897439577,1.770865101200354,2.80237410437034,2.9033908957600474,1.3895670859105764,0.729270855818525,1.171138518324161,1.1492399853337285,0.7249573880273958,1.0996119237620254,0.983363329942669,0.5092671490776564,1.5165693094211097,1.5795124400550486,1.2247868891640055,2.173161082873297,1.906039283405303,1.6437577906983925,2.312295782814861,2.256705671699386,1.7025468931210055,2.337439880386709,2.300805809697687,2.848693496558504,3.0767092125129176,3.2915316565885706,3.3334972632273354,3.3093892376514145,3.178750410980731,3.0204866984136043,2.3206585193660683,2.7641447792474545,3.012936401263886,3.010784069642176,2.890893541413033,2.868105734111234
no,5.196393971688691,5.065342027975186,1.5049345326869028,875,125,0.0,1.0,0.0,0.0,0.0,0.0,0.503015873015873,0.496984126984127,0.10936507936507936,0.8906349206349207,1.375937473838629,1.5222867323153202,1.434220963728586,1.534027418978512,1.8986059982863988,1.8602258188321321,1.3872719852937372,1.4108211639286798,1.7684093686403815,2.152161107748501,1.9419123705329344,1.60080586671102,1.0138764019634254,0.46166240153728344,0.6539807826832327,1.0981926628292453,1.174929106806463,1.3478009687943684,0.1155676660228222,0.10245930710566631,0.1067479274930081,0.19711062257045509,0.7714231886612102,0.5979434229421909,0.19194339006340755,0.22846888345894012,0.15821937112618745,0.12011278225252164,0.10101231955996237,0.3993923947972191,0.8639319980783697,0.2535273637219273,0.1791468964014662,0.24608434317473815,0.05445955282877968,0.08712603408219799
no,5.419029124784782,7.7642829018526776,1.1368905249775376,875,125,0.0,1.0,0.0,0.0,0.0,0.0,0.5004166666666666,0.4995833333333333,0.013541666666666667,0.9864583333333333,0.8912563216495082,1.2012114817453603,1.2048502392103035,1.5444014294334405,2.296315297001247,1.8812324722373193,0.7257191224817268,0.8213119327761906,0.2470119302670657,0.4167947402439367,0.6580955636376205,1.5762693834804806,0.45439933373199537,0.35763187035736177,0.18553667674121233,0.12373201119263477,0.4629876978506262,0.5279831987727288,0.5668746621944667,0.4899404013146764,0.7232407778419239,0.3927558390819721,0.5467799302618461,0.306206255391519,0.5410522269996436,0.758945300052936,1.1220969943482064,0.7801001687717708,0.8181293912062242,0.8787685467786113,0.3984564000829742,0.6598262493211662,1.8389611074988927,1.6119931055185912,0.9642746913713816,0.5363411086073127
no,5.4279994790956065,8.07022901678926,1.3310594608123967,875,125,0.0,1.0,0.0,0.0,0.0,0.0,0.5,0.5,0.0,1.0,1.5727607851187342,1.7865072260006145,1.6327373536872867,2.2030543273203116,2.2495295665307076,2.199347219918121,1.4119952336934851,1.9000940911863298,1.800567558162129,2.177350372250652,2.3960198998809514,2.01907599251961,0.6789768771288553,1.4373683025156798,1.4960868926709319,1.774238154017136,1.5752523969619885,1.7537600577754242,0.1978954860878055,0.22759340979507314,0.45517963851749244,0.9723687720272309,0.9159897614661192,1.011799308449449,0.2816439169475391,0.16221533854506376,0.23551608216815811,0.5251588110585779,0.6839342575086551,0.852367994924137,0.24292170287071446,0.26472047371907514,0.3565179703432042,0.5563118020646929,0.42443848459197664,0.48027353390755856
no,5.114216459108524,5.623068974897211,0.9830268484299707,0.9986784391084086,0.0013215608915914537,0.028645833333333332,0.9713541666666666,0.00045463828114478296,0.00045463828114478225,0.13131638322924208,0.13131638322924208,0.5,0.5,0.0,1.0,1.2850719672554751,0.8554965411317488,1.4810294721208614,1.5103062456733156,1.2911002575845814,1.2424225573079108,0.8339657519846315,0.08458621954976397,0.3537808919214811,0.6624325077357716,0.5517674249049813,0.48411796100341054,0.12579781632143217,0.2002149867968761,0.03811022615282811,0.06518205532110466,0.8664787214134075,0.7385975994395135,0.18906003002006821,0.710112634900514,0.15089869319755334,0.029594904524327337,0.055783680397254454,0.3817207304265611,0.43362009076158703,0.4615220793021484,0.14385301113683147,0.24076507064149721,0.26902048328461436,0.21709607566948375,1.9366186844811795,0.757685171749908,0.4360723911603994,0.11839626555846339,0.12759691750426816,0.07623709976680892
no,2.94801030184352,1.9611419144297493,1.0632277563236832,0.8203125,0.1796875,0.07142857142857142,0.9285714285714286,0.10845917599328725,0.10845917599328725,0.10947943496211619,0.1094794349621162,0.5,0.5,0.0,1.0,3.1278750208766835,3.303842870534682,4.323072981873571,4.136580245570507,4.781224040641369,4.446578351079138,4.205078774068138,4.0818166273907535,3.5021761994940994,4.7106968757714505,4.623858939163573,4.453332053742133,4.823985580025981,4.577185870495249,3.700096462758542,4.015532524479704,4.427332623628787,4.59593699846043,4.686085209498488,4.396851917145778,4.451634344297551,3.869282074296361,4.162685800543068,4.960938156707414,4.239291513093989,4.187348630518169,4.307871453565271,4.1437220237961405,4.21202333462334,5.044272571311912,4.313546836421225,3.876308833638607,4.261946480258683,4.262968290185661,4.559079850175688,4.648218252959307
no,5.2338030627125995,8.008289841360954,1.652703411524382,875,125,0.0,1.0,0.0,0.0,0.0,0.0,0.5,0.5,0.0,1.0,2.606497624413377,3.3401174448891,3.6172061482393607,2.80822070942761,2.4968913620706963,2.662167141764177,2.2049979697678994,2.444592084127957,2.562543490826955,2.9122425940161603,3.672581506846371,3.636000420159341,2.0624294209132827,1.610664561517381,1.4283657315678457,1.5305932100266668,1.8587740099644527,2.2049841476225263,1.8199867549830078,1.4218815353497476,1.6090774881495697,1.5156083139267205,1.2720071350841007,1.459306112459429,1.53548566502824,1.0899892197294516,1.0710363069881943,1.1504456067062625,1.0239784935538028,1.3872225004798482,1.0634080979922507,1.1837986819910853,1.217504087501415,1.2698704760390847,1.0617446136698696,1.1892540275372436
no,4.7235082460152,6.917465738947848,1.8305274527990252,875,125,0.0,1.0,0.0,0.0,0.0,0.0,0.5,0.5,0.0,1.0,2.4068271691052012,1.596172231807543,0.979247581515791,0.9480374325841394,1.9359909737524617,3.1166510550478956,0.6653124155138617,0.2640422852250337,1.2288131631391845,0.9705095562452142,1.053212258153347,2.201548358021877,0.30156909610351246,0.46839882446792647,1.726419566529711,1.1635986666105325,1.1763639470935443,1.3589917349117648,0.5678238576683547,0.7625016901903363,1.6368820277182543,0.8160138658791984,0.5450463977686182,1.123778482410664,0.8653185403701471,1.0032959265407717,1.6869177232660233,0.8358085189747566,0.9714588694518289,2.3689616258486526,1.6165438321551742,1.5413865232069233,1.3721233179429593,1.3200298766040168,2.09338176886319,2.5252368787070263
no,4.643043177356283,6.713174235335944,3.502112167152408,875,125,0.0,1.0,0.0,0.0,0.0,0.0,0.5,0.5,0.0,1.0,3.499964479125304,0.21360905506800876,0.21427676427948494,0.2665649981104945,0.3144215737936449,2.0484166000769375,0.29571663768539125,0.15413142832215954,0.4222781194435541,0.28046994581393925,0.30838846760011585,0.7554908873198416,0.47275294695277026,0.46871270352699224,0.29014576914024914,0.2282042542712448,0.28762288189552443,0.2040190209071815,0.22322018664924137,0.3477610602550687,0.43216727723058224,0.6319948716210515,0.2342029510282293,0.16727130790677602,1.5378965991393283,0.23257540510120656,0.2742370542880934,0.20231017982527888,0.15319889421792965,0.5965237342157383,3.3742455292171045,1.1790911540909672,0.44729853808372866,0.29935754727202823,0.49145880232151296,1.909362930672855
no,5.454220204606095,9.19132081172719,0.5514774130161141,875,125,0.0,1.0,0.0,0.0,0.0,0.0,0.5,0.5,0.0,1.0,0.13684929274863578,0.0525992461110496,0.37339224511979463,0.6374741170187361,0.0862100863186841,0.04927670190755862,0.05819491391076603,0.05064081781919949,0.5647668412511448,0.15336651543242752,0.04714922687811818,0.04844302285966062,0.05842455164520821,0.6902725467266722,0.41391269346356285,0.050024722803122756,0.1009928427516682,0.19661519608296896,0.07031925320763666,0.522620065821088,0.4745654385959419,0.03562579693445045,0.2768292050792942,0.8314733036746409,0.2383430783730418,0.25190847124471105,0.2646484199533683,0.050316519547856764,0.11764130652247218,0.09180356977693194,0.6119825951272393,0.10455454822059895,0.0770653662003058,0.06258502438998637,0.13149858342372145,0.0867370701036787
no,5.408878999880213,8.302233454593804,0.09419391526517197,875,125,0.0,1.0,0.0,0.0,0.0,0.0,0.5,0.5,0.0020990764063811922,0.9979009235936188,0.08032272702036902,0.03244714551960115,0.05167258155884813,0.08004535510220201,0.09685306138256067,0.06973803108608934,0.09434708066075359,0.1858336879449789,0.038945620902228306,0.061751505584259014,0.0417092318778618,0.032269178713407065,0.13753890320924533,0.16594924006228862,0.021574257181415035,0.031143509517829848,0.07178717394146172,0.049629260844563206,0.033211369136761704,0.030660299941358105,0.02863184957487963,0.01807647345929464,0.029271398123441372,0.021835566595878042,0.04536818885049154,0.05242578124395614,0.033050195886252354,0.14823563749299762,0.022431181788625132,0.01576700905212647,0.0294325713739525,0.13825607810681895,0.06390171994879346,0.061456813351659534,0.05638998098686532,0.0685477885632606
no,3.6964220122618796,4.405193464557334,3.165687314157296,0.74296875,0.25703125,0.11104910714285714,0.8889508928571428,0.15586858208424295,0.15586858208424295,0.1118789207933355,0.1118789207933355,0.5,0.5,0.0,1.0,4.826958123626272,2.956561548900562,2.9580162870712803,2.734687736892425,3.577078913424916,3.0484812307586764,2.6304130307137155,2.1804241551533208,2.6753604467701093,2.198871201730633,1.9799724961075889,2.8689263213504343,2.631163918224196,2.0515531146819868,1.2928112253024473,1.2003771930263767,1.972078535315359,2.8552496313963185,2.67385803850961,2.0106340787176595,1.253981163739816,1.2472123246550506,1.8556677087061582,2.3419912313778566,2.6434540656700736,2.1063539437896575,1.8927994432845408,2.504296068002416,2.158276877762065,2.986393751604413,3.4076733292140995,2.796351686098076,2.733783552431075,2.7869292193754105,2.4788787198747078,4.147951876242027
no,5.037836166503503,6.145046275973536,1.783144640510604,875,125,0.0,1.0,0.0,0.0,0.0,0.0,0.5002564102564102,0.49974358974358973,0.011282051282051281,0.9887179487179487,0.31442569011195287,0.034170098943733684,0.08685479735687363,0.0535372213325207,0.0962947092740638,0.7468939938352936,0.5735933602901944,0.4494168142446404,0.5657951728500579,0.8832523880705199,0.7948013973211303,1.0315435486057445,1.0557945022889657,0.35025985397730564,0.2852553771565782,0.4705744378318464,0.9131566244567324,1.3276434256651846,2.0749834045572477,0.10339879910125394,0.09000042173744038,0.1848948488665556,0.9312343206012952,2.0853534931074167,1.5537868294725352,1.0699002629126535,0.10357845264956467,0.15323451132864196,1.324023955384376,1.6612720259112588,1.8919882922818703,1.0634366021049204,0.5055444110468592,0.5705613899277582,0.8626439695047012,2.1369499947464434
no,5.195434653475747,8.765034000806978,0.4694890976464173,875,125,0.0,1.0,0.0,0.0,0.0,0.0,0.5,0.5,0.0,1.0,1.3649271370033231,1.0844915647357647,0.9985520769375835,1.0754585610684044,0.8513108084946861,1.262947200805657,0.9922563991214783,1.170144038908643,0.9558265763294838,0.9596089134823282,1.1090668737452045,1.1298233058958873,1.0248771983435452,1.0472768859931785,0.4885170813679416,0.49503602043185246,1.1966442218734725,1.090696820254621,0.9169998909563111,1.0285311277891713,0.5942379580588772,0.5740637504012938,1.1071352783062993,1.0878886490244808,0.9667641172695856,0.8692700877911745,0.9992716332576208,1.135155099650067,0.8947032045803027,1.1122392563405592,1.3332007706561448,0.8759759005261687,0.9757645681093576,0.9646517832453245,1.116795238243582,1.2093203078728196
no,5.428536881351476,8.98316311033903,0.6095181781602258,0.870703125,0.129296875,0.00390625,0.99609375,0.034375,0.034375,0.03125,0.03125,0.5166666666666667,0.48333333333333334,0.026593806921675775,0.9734061930783242,0.6766058070486007,0.3545719708785322,0.4330801157677806,0.36120478349724294,0.5878175408784756,0.7210843348591531,0.788522688281228,0.5315627520628796,0.3879366440831662,0.33586543110839795,0.47239127938852743,0.7258974054139822,1.0402864613223755,0.42579480521515656,0.14406023336888207,0.1272998099907765,0.4066392925720912,0.8772389640487308,0.7341959446963724,0.2798278706991306,0.1370401546328237,0.07958650163400982,0.3380777533953889,0.49574841466380537,0.4012618862558517,0.18524440886528115,0.21216863666235763,0.2680556606821387,0.3253781847446886,0.7494760224929706,0.13960376184409728,0.16692215940150845,0.2371426546666182,0.18651145815365577,0.6983628252028629,0.4711107681368141
no,2.6688928020085356,3.7638536466433252,3.4009200485107374,0.6771763392857143,0.3228236607142857,0.13950892857142858,0.8604910714285714,0.16469019662109594,0.16469019662109594,0.10868481331784384,0.10868481331784384,0.5,0.5,0.0,1.0,1.4000910786146359,3.1028561954755878,1.6815397938875836,1.2780439632667782,1.9910329935479216,0.8873252628560018,0.4422359325098917,0.7139398342245187,0.4078967285728825,0.5101878389418588,1.619388788571822,0.8873252628560018,0.6230489733995843,0.14035675603890851,0.141268902416404,0.4493791409677592,0.421884292895081,2.804822632825785,0.28935466717273606,0.1190978811420349,0.0870856032590197,0.17601651705198762,0.5348570785670819,2.502066146438895,1.7844016196287908,0.37100034932366466,0.22180459730269053,0.06428131748877153,0.10916241898375034,0.6608332202691662,0.8873252628560018,3.0125085029814023,0.8385561360142928,1.0319965675439842,0.7336738331909101,1.274974518554494
no,2.259518780001784,2.7205602453630813,3.145895750001554,0.632421875,0.367578125,0.14397321428571427,0.8560267857142857,0.15965486631883702,0.159654866318837,0.08654378248989306,0.08654378248989306,0.5,0.5,0.0,1.0,0.9113179651108021,2.480168855916466,0.1424321567384661,0.12058874701567834,0.2420831306640152,1.1709018470712373,0.9113179651108021,1.5195363487626259,0.3072578476315315,0.24348329257909596,0.3511182623491953,0.2607868506954478,1.6895768137003948,1.1776243628379501,0.8666224359430803,0.7225701598305498,0.38869828814482865,0.40871384609316896,2.0919124243376253,0.7768999139388426,0.3234354651019786,0.13979449442312797,1.002192479726542,2.1230551495081573,0.9113179651108021,2.6971891015420058,1.1912465948210045,1.6706580095676027,0.9113179651108021,0.9113179651108021,0.9113179651108021,3.2574219140822955,2.4944438593227627,0.9113179651108021,0.9113179651108021,0.9113179651108021
no,5.206406365631324,8.241136537593347,2.146142151776796,875,125,0.0,1.0,0.0,0.0,0.0,0.0,0.5,0.5,0.0,1.0,2.6589822407876427,2.7252618984480987,2.360596282792184,2.2992854372644795,2.6086668721531896,3.177179599585036,1.8856159873981069,1.6732076608822308,1.4744400691476338,1.9531196649963936,1.4439420785965065,0.853190245222196,0.6597950794134109,0.6450759795764061,0.6707187484387704,0.941302924413649,0.7052134016112834,0.3723480140233768,0.5606319690195916,0.5200950120752026,0.637863655493752,0.4098820055210588,0.24091832236655364,0.15719289864790476,0.29449255871070346,0.5093358794994982,0.6443930471501744,0.19694246306320995,0.19600730296212276,0.20839197493949424,0.3496069606155876,0.42100656357722066,0.4258694709788866,0.29624519424435736,0.1886640220779956,0.3158669611947351
no,5.216335854672511,6.986889982545967,1.6065571518640633,875,125,0.0,1.0,0.0,0.0,0.0,0.0,0.5,0.5,0.00046382189239332097,0.9995361781076066,1.402122288019937,1.3492771884781618,0.5654560775294319,0.4226752953747299,0.5658389843188276,0.622865878887584,0.8842364581324964,0.3367511624067072,0.49100302304363197,0.6079495836543671,0.5955646935552865,0.9558218240652083,0.7510123026147033,0.6939599095919897,0.7391747498641807,0.6320466452336673,0.5836595912055973,0.38212333961888945,1.2436900920344485,0.5524273782813038,0.5975628887199296,0.35857442045905863,0.5071711296998966,0.5740763649720417,1.1475944901355692,0.6646583478267232,0.495336730112502,0.4883656269805634,0.5479918133932555,2.159908989023984,1.2125561825347115,0.9630719219419892,0.9573590069432436,1.4522563856380457,1.1714518967317202,2.562891473912255
no,5.117801271020027,7.293508508252884,0.6843516771681937,875,125,0.0,1.0,0.0,0.0,0.0,0.0,0.5,0.5,1,999,0.879369339312873,0.24031710872699286,0.1965835740634918,0.1731210637666476,0.4118936683275809,0.4833206683282252,0.3409319127817332,0.2700659718574241,0.26053569802532195,0.06287745735615236,0.30714668466641193,0.23212929200578047,0.18750166273986002,0.03634314112025816,0.039184050551101635,0.22837374464201332,0.16173248641335958,0.5358317299917723,0.20757237749724355,0.1005302449222869,0.12496500306107183,0.26977904440539247,0.2062683973262791,0.03792181583103904,0.7264063921145674,0.9846503594864275,0.24279531298179213,0.7729374878457218,0.2992634137852366,0.08756034669292223,1.1385722307064428,1.1153082189721957,0.5552893469839799,0.8281786923894252,0.7469499284723584,0.3324014423696502
no,5.25780014696391,7.038006957008966,0.29174573976755724,875,125,0.0,1.0,0.0,0.0,0.0,0.0,0.5002612330198537,0.4997387669801463,0.014211076280041797,0.9857889237199582,0.12368227416128796,0.24101426002708726,0.33746304869138877,0.3532059721197376,0.3910697457293635,0.38824987718081916,0.12404454683483568,0.09965349985336447,0.43022526503328296,0.21317978721377084,0.24548092999488835,0.2746787850875907,0.276103147043135,0.6070947890658482,0.5104617053750449,0.22852650875247082,0.5481684772115236,0.36127218714273024,0.3340169181137309,0.6815481224524533,0.7484379275040443,0.09949121439538855,0.49962477635545266,0.37028896283778145,0.26615055847025193,0.44115592213321797,0.3390036430715142,0.10915061446019969,0.37474598166170514,0.36508227399473947,0.30072805450084283,0.7001291763604534,0.15421262047337692,0.21264110844496198,0.328300074669968,0.21214261503887855
no,2.352113741228562,2.9966982238166833,3.346354618657511,875,125,0.0,1.0,0.0,0.0,0.0,0.0,0.5,0.5,0.0,1.0,1.023595884134416,1.2679256743295384,0.9774143792037813,0.37829094107595607,1.993360187853821,0.8356925575638636,0.5672672290938894,0.08482508882204964,0.28673423737483006,0.49336507256026696,0.3483035020440748,1.5905812367700825,0.9534255825805753,0.3067656625692994,0.2403038254558214,0.20947104354471602,0.30959878973628463,2.719500923738569,0.8356925575638636,0.6580581532065342,0.12448016176994958,0.050908519498663374,0.13890456375540383,2.9972243587081278,0.8356925575638636,1.3455292477286696,0.10632624483870634,0.06524043533032442,0.10399547900151473,1.695268373693804,0.8356925575638636,2.0742070391704495,0.15671201178021876,0.04960634245052109,1.4623190126636634,0.8356925575638636
no,4.643879599946073,6.878096209376146,0.7348809937075605,875,125,0.0,1.0,0.0,0.0,0.0,0.0,0.5,0.5,0.0,1.0,0.7775430510888053,0.47512834670276716,0.5294079146734036,0.4866734055754023,0.7717747000793982,0.5642053276457268,0.09619372137432469,0.24435772057809757,0.4345925365098888,0.5433868269110116,0.19060333845282074,0.7459236047093705,0.17894094506249258,0.034410227160757145,0.4523736386358701,0.4758457294689773,0.2588780382106113,0.315488577624091,0.5958841462678621,0.44654831387192884,0.40575192459622356,0.2200733703766229,0.5208798703663868,1.2271069289206102,0.3326424940957029,0.46681455391453097,0.4168191902387548,0.38454521502177386,0.22119662504094384,1.726796089448536,0.44832994294352746,0.654277185322369,0.4685263068538319,0.9460673878759138,0.7230002650418212,0.7947692201483996
no,5.326596973601401,7.643570001006142,1.4476266474804755,0.865625,0.134375,0.03125,0.96875,0.024999999999999984,25,0.08333333333333333,0.08333333333333333,0.5,0.5,0.0,1.0,0.3004946806321138,0.28650139866002533,0.17833575246125477,0.1352902974027348,0.043730873765337464,0.1082676006063723,0.32800984466201033,0.2490682291039068,0.1221589916036736,0.13780160003904562,0.0451831274241945,0.062252230071279335,0.23467743421415044,0.29888015906893717,0.0657250223957746,0.17998705893616407,0.11158773654235166,0.08239932109449288,0.24629953721857856,0.11797755474861127,0.13617067485426482,0.10912795392683705,0.1483825301640218,0.15510850439759327,0.5456715564873535,0.40946587832627257,0.15594588066265214,0.29649209240789354,0.27443085935400724,0.10559431713379652,0.4207649113416516,0.3440863759630548,0.37493381730732533,0.17998807970571296,0.10804580451537138,0.10489647370707544
no,5.326444485199104,8.265550766011675,1.0420922598780733,0.8724888392857143,0.12751116071428573,0.0078125,0.9921875,0.020089285714285712,0.020089285714285712,0.0625,0.0625,0.5,0.5,0.0,1.0,0.6023066720813892,0.41578363067243984,0.720982456196122,0.5975210860845195,0.2213676772110338,0.8501363106878523,0.3926203680882736,0.6140757417864391,1.0232645943302558,0.3573099185709818,0.3177811678145952,0.3789399924426684,0.4773741719087754,0.30720998042043934,0.2997384566385781,0.3179953861095566,0.3149250425050498,0.42272413896477357,0.39845846055054324,0.5024610091690915,0.32249116540054956,0.2914834795282548,0.34136940176503927,0.9271538124557206,0.28111776762766905,0.4810444353388501,0.19782445100876256,0.1784008928075238,0.1632522136416128,1.0446238119551028,0.6042275371605159,0.206560009859853,0.23708551040727688,0.15801471914521859,0.4746031553914172,0.6070872062220509
no,5.089713558510112,7.045480473303247,1.994766363616823,875,125,0.0,1.0,0.0,0.0,0.0,0.0,0.499757174392936,0.500242825607064,0.12143014821822769,0.8785698517817723,0.08499999085553966,0.06413625281125235,0.05633584603668318,0.06218646437501807,0.034409595502497226,0.06134196696066763,0.05703741867573342,0.08012604806715462,0.06842064701197348,0.024863461301578127,0.05035604043352926,0.05022452114150511,0.04578384766833565,0.07235115086684019,0.04473998912669419,0.031480200062100394,0.044329146647834605,0.06593954521417711,0.37329105890433123,0.08227118003197109,0.08026705882291729,0.096535311063362,0.0836289680565665,0.6914539360509737,2.651403112379671,1.5854295409507353,0.23156186163756765,0.16070684479053288,2.1014938192855666,1.9381269195169173,2.2245836740049825,1.7385035201367822,0.3884921593674404,0.2502965152098504,1.8100009116681175,1.927367135059043
no,5.195888823034403,7.804721814270529,1.135421128571573,875,125,0.0,1.0,0.0,0.0,0.0,0.0,0.5,0.5,0.0,1.0,0.7968834439859682,0.8782390396936917,0.6946072808704287,0.8848938603431584,1.1603714872330864,1.247148160561021,0.5320496561447321,0.34881376060107616,0.5210211083710208,0.5524330786127827,0.6617871710493812,1.5736932769066767,0.5684968423912586,0.19646179421283705,0.723927933958449,0.8122772082500562,0.8033796300770142,0.7148894804352519,0.6595086389053133,0.7462812939223538,0.4267804143200369,0.4856723540777468,0.6127657453272706,0.4646423332723808,0.6287124553199748,0.3343350163757366,0.18449669624423493,0.7474271691715364,1.098541245269383,0.9821032030669712,0.8234433635544391,0.633203985716384,0.6887517615519583,0.9190337748266497,2.5044196697051015,2.376523246787826
no,5.163928377222092,8.620710006765174,0.5307259371810351,875,125,0.0,1.0,0.0,0.0,0.0,0.0,0.5,0.5,0.0,1.0,0.2559861513704469,0.3452015853944692,0.6766610099857493,0.5907524343235897,0.20681372675649712,0.3854196057801085,0.33707235607343655,0.39722604222332514,0.2292819870595677,0.3609667853638312,0.36891794529120503,0.2687418657419194,0.3531933267441554,0.904019880654173,0.4194082222860267,0.31458706040456086,0.7405321568217662,0.3000251966223688,1.0931531593385775,0.6380451005121603,0.3994764796824075,0.4299999113840842,0.8155314860673597,0.6178825986791603,0.8631368506020296,0.638820651734914,0.60546995562642,0.41728872960376506,0.4137376709882208,0.3981908295256371,0.7728947406541975,0.36816913754328784,0.6795471843783121,0.6426228732320585,0.3500769429031756,0.4284928472756322
no,4.496941769463397,5.618764460724432,2.293987098355369,0.8403273809523809,0.15967261904761904,0.04348958333333333,0.9565104166666667,0.08612391097905414,0.08612391097905414,0.10672357887720871,0.10672357887720871,0.5,0.5,0.002307692307692308,0.9976923076923077,1.8791108707029354,0.8738650372386081,0.5030247949939866,0.29159420356333454,0.5247927037767814,0.6545559051483196,0.5714512124971498,0.09643412237465654,0.23444383245210343,0.1013153006784746,0.13573451074373732,0.20814913258719514,0.09257591270096288,0.09963353149462151,0.13195464340174912,0.06698828296955028,0.1977107159792153,0.22411041709481427,1.5945163535707811,0.3181134067536764,0.5458794276735701,0.594529878630226,0.47987953939676764,2.412192454532774,1.9243395500954663,1.541421403175037,0.16647982020391794,0.03672774970100612,1.036137318137616,1.950715050873606,1.5401813271523719,0.6625968402369997,0.1211301985248987,0.10660174643844478,0.4245966264439458,1.8441415898827036
no,1.4462269364731786,2.471118080814367,2.2263220045498673,875,125,0.0,1.0,0.0,0.0,0.0,0.0,0.5,0.5,0.0,1.0,0.5751103399968442,0.5751103399968442,1.9048443447303458,0.5751103399968442,0.5751103399968442,0.5751103399968442,2.8999415284395518,3.2162855553885272,4.3973653461727,0.5751103399968442,1.0372036194087018,1.5805669171928942,3.329860061899345,3.765697446172596,4.72035259102288,2.341427721048792,3.2153207389234213,1.6726469683475171,4.090150194879705,2.7623308659621424,2.6315737949592344,3.580785712483184,4.353757788570939,3.4655801626929135,4.162480889429205,3.6650480866486603,2.690221326589087,2.8712055727920642,3.0351772655678846,2.8986951443434523,3.301647448393144,4.215057288548033,3.2949194966515813,3.111938336828545,3.4576953290380725,2.4252959251152846
no,4.50053547819925,6.364262652485691,2.3388596853577823,875,125,0.0,1.0,0.0,0.0,0.0,0.0,0.5221010035326761,0.4778989964673239,0.03952054578975061,0.9604794542102494,1.0674452559168426,0.0891102797566159,0.14350777951985716,0.08376474162989389,0.04265372997529937,1.3409011102858388,0.10398502998025094,0.16769245976792213,0.11571115421523892,0.08534504536661824,0.1412102572425873,0.027078626004075623,0.04855529023222349,0.04589573191029128,0.02771497716303717,0.03264483939417229,0.06563308146251856,0.06800419286376247,0.023910845764706146,0.02689198106087609,0.05825762760213227,0.07948284631325642,0.04400358457564657,0.032401614850652294,0.7333708066560654,0.1516773665215423,0.05178326288964641,0.1713968259657408,0.09673861945731677,0.4164649174846691,0.9850636852379622,1.2620644082131474,1.6405722605061617,1.6519787938032353,1.6141166355973144,0.2919587293350956
no,3.3511513182206807,4.645515467596618,2.326069168405101,0.7614769345238095,0.23852306547619048,0.14281994047619048,0.8571800595238095,0.13395485459534645,0.13395485459534642,0.14936999046551583,0.14936999046551583,0.5044642857142857,0.4955357142857143,0.03809523809523809,0.9619047619047619,1.0914437589173387,0.8763135509043276,0.26263272500693935,1.236211146077982,0.22758341691560258,0.03533760892283455,0.3905605495576143,0.3934701196014787,1.225450770008909,1.1937716898404815,1.5340914836990616,1.0817479616825567,0.02954134685297216,0.037441750215597036,1.0378464310123676,0.24097670251520364,0.5136117377392813,0.41647177145680425,0.04784027241915423,0.003300700859809158,0.355310826379017,0.09924286751737732,1.527460805553924,0.5368728009392751,0.6697367198345265,0.9283234266529137,0.6894436753825914,0.2700451125120438,0.018932497800028703,0.12341105308144273,2.5644180845953404,0.5567195394101829,1.7742925348753666,1.6747515311478796,0.14106836010817458,0.28826715475343834
