Stego?;Entropy_img_full;Mean_entropy_slices;Stdev_entropy_slices;Mean_MarkovChains_00;Mean_MarkovChains_01;Mean_MarkovChains_10;Mean_MarkovChains_11;Stdev_MarkovChains_00;Stdev_MarkovChains_01;Stdev_MarkovChains_10;Stdev_MarkovChains_11;Mean_imgfull_MarkovChains_00;Mean_imgfull_MarkovChains_01;Mean_imgfull_MarkovChains_10;Mean_imgfull_MarkovChains_11;Conditional_Entropy_Slice_01;Conditional_Entropy_Slice_02;Conditional_Entropy_Slice_03;Conditional_Entropy_Slice_04;Conditional_Entropy_Slice_05;Conditional_Entropy_Slice_06;Conditional_Entropy_Slice_07;Conditional_Entropy_Slice_08;Conditional_Entropy_Slice_09;Conditional_Entropy_Slice_10;Conditional_Entropy_Slice_11;Conditional_Entropy_Slice_12;Conditional_Entropy_Slice_13;Conditional_Entropy_Slice_14;Conditional_Entropy_Slice_15;Conditional_Entropy_Slice_16;Conditional_Entropy_Slice_17;Conditional_Entropy_Slice_18;Conditional_Entropy_Slice_19;Conditional_Entropy_Slice_20;Conditional_Entropy_Slice_21;Conditional_Entropy_Slice_22;Conditional_Entropy_Slice_23;Conditional_Entropy_Slice_24;Conditional_Entropy_Slice_25;Conditional_Entropy_Slice_26;Conditional_Entropy_Slice_27;Conditional_Entropy_Slice_28;Conditional_Entropy_Slice_29;Conditional_Entropy_Slice_30;Conditional_Entropy_Slice_31;Conditional_Entropy_Slice_32;Conditional_Entropy_Slice_33;Conditional_Entropy_Slice_34;Conditional_Entropy_Slice_35;Conditional_Entropy_Slice_36;
yes;2.855183737669609;4.113709682408004;3.8113937696097775;0.687109375;0.312890625;0.13113839285714285;0.8688616071428571;0.16535148874851177;0.16535148874851174;0.10241944528315336;0.10241944528315336;0.5;0.5;0.0;1.0;1.2366569528726785;0.7951971016966217;0.24062686933118993;2.2496681053936443;0.16848372691917657;3.7747088405233047;0.4653262909942663;2.11030087820317;0.5690583131071101;0.7740298191822812;0.34651552086716464;3.253148801119987;0.028000767177423672;0.9988012982089276;0.040014776725611156;0.08932358802799811;0.2002663126508697;2.589319370329348;1.40670875818314;0.5578761474078293;0.10849345073243288;0.055033872626879976;0.04730835809518297;2.8893728131941527;1.859634664178237;0.3860498385458797;0.1954735762939448;0.2481847672023907;0.03565598153212779;3.2539497289068415;2.8957045724003017;0.23685416581291197;0.029198655038619847;0.08258379177220032;0.048994402997072584;3.231052277639984;
yes;4.623276934752313;6.702462235998356;2.5864005554467004;0.875;0.125;0.0;1.0;0.0;0.0;0.0;0.0;0.5;0.5;0.0;1.0;3.8260091421733637;3.1013598754120215;2.1828189483153593;1.8005915973760978;1.1810771880755615;1.448467934097767;4.162323918193675;3.757888939078053;1.6078869949053836;2.1981466494129998;1.755510237445153;0.8574121720225216;3.8065949205217677;4.129561880263283;1.513078306326956;1.2202110357252858;0.9340438930220394;0.4372779927673571;3.4365150963733933;3.5616908460933216;1.9016771264357306;0.46019277772820555;1.3789177631667062;0.9626654094503699;1.4444231648925303;1.112712643775506;1.211998504928263;0.686347879941823;1.4580086280702123;1.4388637667860493;3.5037757068039856;2.1973178920425336;0.35562259642063143;0.9954137239035417;1.535387397104075;1.6794907401437111;
yes;4.994956057261908;8.119186706497873;0.908494825624393;0.875;0.125;0.0;1.0;0.0;0.0;0.0;0.0;0.5;0.5;0.0;1.0;2.4441578272424507;2.2470351890049054;2.3946547815191135;1.9413836496629244;2.2090974819408475;2.242170953344731;1.8913946347957715;0.9602213797977761;1.1223075796846675;1.1980859056308217;1.916793428030637;1.1593471568171738;1.358700883278897;1.3287133601133228;1.2681597378908123;1.1893740621551476;1.5007937278286798;1.3552433711088803;2.576641867069092;2.2668554440451083;1.356950181063958;1.0757858819989048;2.371542636237188;1.5130056302094186;2.4279038260831274;2.065351334649351;2.3497002378308376;1.8411660120838977;2.6154272660073654;2.3719458196874093;2.5036581477060333;2.3903719140317174;2.1194672374364747;1.7502057905067918;1.8842878833561647;1.7368891074965402;
yes;4.913670689374191;6.277108374532678;1.331118952650113;0.875;0.125;0.0;1.0;0.0;0.0;0.0;0.0;0.5;0.5;0.0;1.0;1.651918024978197;1.5196635396552107;0.9337217153436597;0.8692417470283593;1.5415167179217435;2.0310385592208933;0.7723103253930694;0.4775872365213458;0.2215359451259804;0.20024997076276652;0.30841868661170224;0.799963755849761;0.5024440922294948;0.31121817296591736;0.14454446680680721;0.1419303775829377;0.21220492289092796;0.4146022834453844;1.2982362329306776;0.8717818636864929;0.29825922827919715;0.31276044182853013;0.363493297162941;0.90738959810021;1.2823296881174517;0.4577034309539374;0.3231204051134515;0.8444608514303047;1.0993763830442047;1.2239920836470288;2.526211315500242;1.1774871195711945;0.5225125235794503;0.8968443407392437;0.9946427545129071;1.3311780227501315;
yes;5.285117724559696;8.664420169791404;1.202266896967222;0.6858258928571429;0.31417410714285715;0.2161830357142857;0.7838169642857142;0.12497646158357746;0.12497646158357746;0.11071697156788965;0.11071697156788965;0.5;0.5;0.0;1.0;1.8767705752686785;2.621671919246856;2.5175473272419686;1.7906023227750643;2.449064135178282;2.8198258786224133;1.1085712319714967;1.7449014583313769;1.087417161731083;1.3899926484483949;2.506174228891299;2.345518679319338;1.433477381416826;1.9366865791011927;1.3243195301473172;1.23564746585871;2.202945285677284;1.8358707267853296;1.2473186949219066;1.461203287336108;1.5258046912967904;1.5191040671635827;2.3300863637307723;1.5416179224998148;1.3926540817838662;1.6258087448066085;1.5392469420435022;1.5517739537458626;2.103024432724297;1.5001954688984727;2.061943690293435;2.478290812168698;0.9411424740442422;1.0025359101939344;2.342648434904982;2.514075290868192;
yes;5.478538991661489;8.170828070116528;0.38240660501848944;0.875;0.125;0.0;1.0;0.0;0.0;0.0;0.0;0.5056843099030599;0.4943156900969401;0.13103882858018887;0.8689611714198111;0.1398519045950346;0.07134216954775496;0.3539236112228892;0.2688999066537212;0.09307751436668799;0.24221288520027784;0.14375135074493883;0.36522277443750717;1.0304648255006508;0.6615519096888081;0.17141762395132343;0.43019660870831755;0.058586209038450576;0.07869790095996265;0.1651363717990515;0.39045482694587097;0.13900683557674487;0.23151448652220363;0.12575719270131902;0.06579138813964303;0.2598299988138031;0.4384118614864665;0.22662094761020946;0.25998665849701474;0.08825951011459754;0.25706352169175695;0.4781275626888557;0.029142872602567316;0.1488067573694991;0.17143463921715885;0.10788047209309948;0.15676019699841248;0.4542659713952295;0.03998355750858895;0.31118679004621175;0.19863816941021195;
yes;4.874040531694547;5.801532424630775;1.7373221670481496;0.875;0.125;0.0;1.0;0.0;0.0;0.0;0.0;0.5;0.5;0.0;1.0;3.023764193243017;2.318547940863485;1.5215572256524688;1.9734442607814193;1.86335007289108;3.0224564305917294;2.9103381382850744;0.5729044594974573;0.810683687256962;0.9489727383019071;1.0458033868555043;2.361606609999314;2.540908941507672;0.803471321254849;0.5698320469613458;0.9929670669190047;0.8250029923069548;1.7651895070020136;1.2496334457543878;1.1066129854408753;0.4498690392195597;0.43054856078517556;1.022885039226865;3.3188283386801807;1.2605377471858255;0.7203471490386608;0.3201850528110439;1.030856733434792;1.2942522012127613;2.419348854826862;0.9439224989530826;0.8035729718520663;0.8181882359468626;1.3577590329414444;1.1417035056996174;1.87638086872811;
yes;5.007408279427059;8.679918482111427;0.6093875198776156;0.875;0.125;0.0;1.0;0.0;0.0;0.0;0.0;0.5;0.5;0.0;1.0;1.1918690909512515;1.3464050090957986;1.961774057464397;1.3772349504483494;1.1024645837966869;1.0229030014471787;0.895576171793544;1.1226421386214716;1.2168851749260314;1.0094666688281864;0.9042676784269368;0.9220923668040539;0.9713216194185135;1.1333413191118726;1.294395957845655;0.5235988236071787;0.24469962608868912;0.6409582336614168;0.8101861728208561;1.2688335483062376;0.8930558065839005;0.5128965126363099;0.3720163654979105;0.6641062529748654;0.809947208818671;1.363663539805998;1.2533345169990868;0.5798032914322224;0.5883309479511656;0.8333380175276899;1.2094607081752153;1.4867081011028054;0.9310501691397777;0.8285292120797099;0.8714443629918804;1.281766906451434;
yes;4.68285706981315;5.593525794655551;1.6842400427889819;0.875;0.125;0.0;1.0;0.0;0.0;0.0;0.0;0.5184645991263638;0.48153540087363617;0.06434542260848733;0.9356545773915127;1.2684486688671237;0.4748581761976065;0.576907109761255;0.8368768829975695;1.8592160367198827;1.6732196429695978;1.2532247762191995;1.3806222225785265;0.9174141028683089;0.4460317075814406;0.6171680316016461;1.4334754218305699;0.5182372893629812;0.2353254236409552;0.33543764855044067;0.2283212088749056;0.10705928389868502;0.8878034131999484;0.6102439962330255;0.07991501952820457;0.158352123116841;0.11323228013501607;0.10094630280422434;1.1562057976227962;0.6037597406910651;0.10262828292102366;0.09697984744852883;0.0717760458451897;0.04444463291385681;1.1266497385905958;1.7070922604614163;0.9046505040232269;1.166877853075968;0.7056962580802484;1.3128138828833524;1.5177420011995308;
yes;5.1831875133200205;7.180866961206406;0.8316789504417954;0.875;0.125;0.0;1.0;0.0;0.0;0.0;0.0;0.5;0.5;0.0;1.0;0.5108166450063378;0.6933596162063851;0.747243013590611;0.49295996500226735;0.4232232194944632;0.5757109063192543;0.2513978241860251;0.25291874311449725;0.46686505764499664;0.2535179143152013;0.3880060689900495;0.3905776102319698;0.1837835489684463;0.24968758442760075;0.26800039660716957;0.05603047054908972;0.08077727435321425;0.13309964245993156;0.13526565840713944;0.1940183896519323;0.047737924600236514;0.07559557953608786;0.09613006919612044;0.02216385025217038;0.04133441401318905;0.013344502328373586;0.013444972402060884;0.07386834060676373;0.27561821799256503;0.018768683466269476;0.19569887847799405;0.10792531726771193;0.07483866293186203;0.07151561753694757;0.08456911750399643;0.05041994749019585;
yes;4.958656514348578;6.473865045323011;1.111368851109729;0.875;0.125;0.0;1.0;0.0;0.0;0.0;0.0;0.5;0.5;0.0;1.0;0.5927015007900334;1.208733906016731;0.9170732414475511;0.8108717568688686;1.5076672792096923;0.9478613562293443;1.0340155321774938;0.6667114808513124;0.19463327174531386;0.2378432485033697;0.8576160112990876;0.7832828207275662;0.946621945439003;0.346228281886392;0.09535167580779103;0.11508828723077702;0.7431567923635471;0.6577959554829995;0.681386824672467;0.2544171341661312;0.06460892062845591;0.045706300530905075;0.43893722857569806;0.8892939519734577;0.8083442380260069;0.46798459189053476;0.17884379159445984;0.10347598533337266;0.640153219508004;0.9893439572375784;0.9322793959778717;0.684081930992193;0.3443333037319749;0.5703948865208841;0.686374809181789;0.6969969186152367;
yes;5.402717928825357;7.822998444841486;0.5774360669026533;0.875;0.125;0.0;1.0;0.0;0.0;0.0;0.0;0.5135720263796494;0.48642797362035056;0.041653601787121616;0.9583463982128784;0.4198117047217025;0.7468746144555518;0.5224003982638523;0.49682843514834474;0.4185796098911325;0.4528265094675321;0.8136829812266755;0.5513750501086667;0.5348985855093797;0.43025310554691654;0.27448113072448344;0.7808625925786661;0.6719287698325798;0.5779295482903564;0.2700437057856533;0.40212028559843915;0.38983615237843683;0.6324203103379546;0.8575406106710677;1.1627977196017008;0.8548791970360119;0.5259578478969171;0.7540086433891942;0.558663777852539;0.8591704264387183;1.0990593052412594;0.9690553175850503;0.721163894881665;0.7896113952837074;0.7221316653224052;0.8274744790036745;1.2110236874622862;1.0558586622400243;0.821359343219124;1.2579987713337455;0.8839603620101326;
yes;5.448860854033628;8.616118576792802;0.4274643198908196;0.875;0.125;0.0;1.0;0.0;0.0;0.0;0.0;0.5116504854368932;0.4883495145631068;0.017529665587918016;0.982470334412082;0.6985296300723114;0.18266442817579254;0.22169977850911415;0.42139843775223795;0.22423554921641387;0.29350270501910725;0.20520154478407893;0.6012526402244989;0.1902350824212382;0.3226550515433413;0.5561685252001345;0.21905769303548706;0.1644675955606516;0.33385976837508746;0.06711141448110425;0.2636347580823868;0.46649149084405117;0.3225527167456663;0.1299549671120248;0.17062438933833235;0.10469458556277278;0.1819313362288213;0.46831739519472126;0.30633318762477924;0.1659374953142354;0.13591940531369495;0.058512674926994634;0.20042080992361022;0.24847182239945642;0.17416203224896165;0.2067954709993982;0.06497679927686306;0.22042465853504734;0.5260143219368434;0.51592706816741;0.9572317039960407;
yes;5.20742930904587;6.661243450260254;1.3688544168187446;0.875;0.125;0.0;1.0;0.0;0.0;0.0;0.0;0.5;0.5;0.0;1.0;3.4386272187880307;2.7445554404657937;1.5764480613623828;2.043854877976266;1.7202469406249277;2.9220285558301566;2.4449885904517057;1.6141567440192568;1.3538088733007267;1.340278882858879;1.568435496490462;2.635654281657436;2.0329420570166277;1.9129302594147037;1.4966185897048456;1.7385332119308798;1.6612311012382932;2.492655354066937;1.9644195029638922;1.2706826836934741;1.247769273877716;1.4211883403862107;1.757979517437228;2.4835542690234647;2.2560645600201696;1.397055906105682;1.027299160546641;1.0001555531405284;1.046976345680343;1.8331961978305595;1.5106920212549824;2.2517989697601584;1.569897787423006;2.3756927909924954;1.817498747973521;1.5338100775840786;
yes;3.713453696081076;4.615698169730212;3.1024846549702447;0.7305245535714285;0.2694754464285714;0.12098214285714286;0.8790178571428572;0.16092003671045163;0.16092003671045163;0.1302850964201445;0.1302850964201445;0.5014492753623189;0.4985507246376812;0.03894927536231884;0.9610507246376812;2.3191490933513492;0.08447627485882592;0.08968773990888224;0.35024381532577786;0.41902018326400725;1.09085318132714;0.4140573488522552;0.016789329321984514;0.019497708743188902;0.006444376966178833;0.003701014694064586;0.19044407600298596;0.021054043251826915;0.035199790649480533;0.020274168802110193;0.010444732703588144;0.007072873698826143;0.17503110867068283;0.24353612318237783;0.055942111356902746;0.01754742104837481;0.022224456496923395;0.02523217696147073;0.21756576773461456;1.0341910164468229;0.15629731764421395;0.29607650895895343;0.05240355799883112;0.09451981406330967;0.6705583114800691;1.856385575915703;2.775783003317915;0.24787132212459495;0.6859343362190611;1.90814295102799;1.9796686754810449;
yes;4.897735284666632;7.530391142925991;1.5741850537745077;0.875;0.125;0.0;1.0;0.0;0.0;0.0;0.0;0.4723819019661714;0.5276180980338285;0.13131829829531494;0.8686817017046851;0.44092545275229167;0.0982063320162263;0.26734416301135244;0.17801010259065642;1.2444558178200298;2.028283828181079;1.2065758114863816;0.5245747571088186;0.21965536373469163;0.3392264089126966;0.37294991335345884;2.218920608710512;0.8359380940325476;0.5195751876853087;0.07216177877149299;0.06269246566984599;0.2135665620620184;2.119712770762176;0.15049727127267865;0.5692209807769899;0.09435552549585058;0.10286149898428398;0.2102003957032137;1.1463808370629822;0.41628058817302627;0.6533573362459442;0.29764626751754975;0.3915902932212463;0.14359814145182614;0.9031156242158467;0.5233868915366493;0.1513939559038766;0.38678196840462054;0.3561480856772121;0.5852909805595097;0.8162033302560623;
yes;4.831135617135884;6.982947694250137;1.5603950800696442;0.875;0.125;0.0;1.0;0.0;0.0;0.0;0.0;0.5003536067892503;0.49964639321074966;0.0033003300330033004;0.9966996699669967;2.249901331452163;1.892254896675246;1.7678184610012413;1.618643873879654;1.7060922643079768;1.5117246353951233;2.969552373561077;2.5607702804702455;1.4267030210926213;0.9117634927977312;0.9746407415699094;0.5480839280052576;2.8021733693913475;2.1023673588565877;1.9295984152284058;0.4252293431115657;0.6477279402402516;0.419379539037684;3.4712006601113163;2.933987997239303;2.8679643161888353;1.3335534846585215;0.42557594124057196;0.6990414764299437;2.3371892778309857;2.850976399218463;2.69499037222769;1.2276551859797662;0.9262721455041873;0.9226441157714937;2.2480416287200926;1.9825033133827734;2.104716954595928;1.58614635880335;1.118982133760972;1.8762618831311122;
yes;5.274454840122072;7.7264925204269534;0.8776252975925108;0.875;0.125;0.0;1.0;0.0;0.0;0.0;0.0;0.5003472222222223;0.4996527777777778;0.027083333333333334;0.9729166666666667;0.38023747763971016;0.5289132540634522;0.23701182625486883;0.02330121107809191;0.01083073837757631;0.3571480936812166;0.672019719146661;0.2223946464052693;0.021198992752010426;0.02764682710981159;0.04044792076847692;0.29967933473415;0.9631524652158947;0.06415331169312566;0.25285142868972077;0.07174923087621377;0.029639328840929124;0.030576576717955994;1.2208644866258571;0.1805901920174291;0.3142914658445144;0.15426055339000122;0.044568148300537125;0.034567989575473135;1.80468484595418;0.337527638000513;0.07630099800196444;0.06639195787990193;0.06374958593211932;0.04879598046559064;1.6839129800960277;0.14344486267117595;0.039837183119450614;0.13082565291621862;0.13890577392430803;0.24466189663498739;
yes;4.9456200519635125;7.891165862758804;0.4695391372848759;0.875;0.125;0.0;1.0;0.0;0.0;0.0;0.0;0.5;0.5;0.0;1.0;0.9547907840337411;0.5515137191234198;0.6907378831104531;0.4909455313982152;0.4009726103806024;0.309335584410225;0.6018046878526295;0.4769215505878339;0.3529088138505143;0.36090138174380737;0.2795198848232294;0.6014286852340747;0.5312419267879216;0.17586996800556598;0.04966455346366594;0.042870168264268926;0.15656281954706497;0.4018131648063261;0.2574247914495489;0.1733609265812257;0.05948917529036013;0.09009184178228402;0.1837958301206868;0.2974615985781641;0.5793760268798116;0.13322490078490468;0.1385696177779634;0.15401336880997096;0.26696312569783753;0.36865420333481325;0.3235955107372286;0.3195568880448114;0.31487247782625793;0.28447169792633265;0.3975924628832632;0.7940338173319557;
yes;5.119369255863917;8.60471199457747;0.3248547881518084;0.875;0.125;0.0;1.0;0.0;0.0;0.0;0.0;0.5;0.5;0.0;1.0;0.3424175365058435;0.22779520144581245;0.16247807675677084;0.09226679486207967;0.21836502428471416;0.16432617770419977;0.20639802503554794;0.25011862285553477;0.3106148675306377;0.34255168723382656;0.2883497801669277;0.14223001515327738;0.23604386929148813;0.21570878488993817;0.1854465193682442;0.25526904533466777;0.25974984539530066;0.1564777419222132;0.4736682374124159;0.15938162903237973;0.13337390169293695;0.12960316610624023;0.2658075259732131;0.2535864710143416;0.45691773014028847;0.45007354949764;0.24428103307583182;0.24134956639319416;0.1585109466926271;0.30184021645325476;0.14563299712193167;0.3136474189163323;0.16127857380594257;0.10971527204719145;0.13999708846385328;0.23483808352059654;
yes;4.76771888509851;5.2927665560928565;2.2154418337679376;0.875;0.125;0.0;1.0;0.0;0.0;0.0;0.0;0.4997857142857143;0.5002142857142857;0.09155735930735931;0.9084426406926407;2.7496736852823593;0.4497649244652555;0.4023041080931815;0.3572327412387297;0.7201794734562936;1.4911598174197107;0.7727650965328192;0.3870337857550812;0.3661383947434542;0.2926274987040598;0.3836446216025209;0.5765636662406317;1.5060451381711721;0.21971967933727488;0.22148750517407834;0.2374624507314973;0.2486234814476429;0.6113722036095655;2.1790084550898783;1.6866154522258814;0.6210099298765415;0.9141850499359232;1.6072096551021624;2.205779366039747;2.914947059644302;1.9903561017653515;1.3140575041906128;1.748739158905182;1.2054940117731205;1.8666310905007677;2.954189988998105;1.5420958644166323;1.7241944705338765;1.4659480057874807;0.17332941051740747;1.7660951487817962;
yes;4.926574178342389;6.829867168571052;1.6891244778240195;0.875;0.125;0.0;1.0;0.0;0.0;0.0;0.0;0.5;0.5;0.0;1.0;3.1453523245607804;1.810101095725582;1.5043011259074373;1.8859464352341497;2.0063445595424874;1.5556186833209802;2.365580084990635;1.441029447104479;1.2755657726315457;1.3538936388177092;1.4601073782402354;1.2822337425077652;1.9521162296232273;1.5647868743125626;0.29824071077321257;0.6174330537733397;1.5116778879268917;1.6741538756283596;1.8054156101672199;1.1012035361101473;0.2997157576192171;0.8187637525333908;2.0402470855038946;1.5774444254832334;1.6046993204397006;1.188701806462741;1.131271869385535;1.5983188217441682;1.8888823797598016;2.3309703120180685;3.138981963527079;1.80567935653213;1.4473160771362883;2.354246193154304;2.850104355897421;3.333142814609308;
yes;5.223202851980817;7.227461028166829;2.420431225548123;0.875;0.125;0.0;1.0;0.0;0.0;0.0;0.0;0.5155115511551155;0.4844884488448845;0.004050405040504051;0.995949594959496;3.1777905610477015;1.922338986945241;2.7957834230270056;3.7444666970588454;4.266916562980715;4.353650341604924;1.9344145543635793;0.5388749975715879;1.3868386022525243;1.6844275251745362;4.111397637430158;4.098892260269077;2.325179109486236;1.8097532769808344;1.6208457395343396;1.63201950758764;3.1704684168574997;3.488370409353056;2.8906551067991937;1.8047407271423497;1.9833283432987212;1.4967231945150843;1.8613331740812882;2.885857810063985;1.8466998052499237;1.3614930390037294;1.5122856620991492;1.4073710796162775;1.3099987946002933;1.645413796321428;1.2635497698595959;1.389033553132025;1.6422354708338895;1.7940815776531238;1.6367481812120523;1.4294151033864555;
yes;3.1907275275420828;3.972978740581802;3.286802476228034;0.6998325892857142;0.3001674107142857;0.12979910714285714;0.8702008928571429;0.1641271907068064;0.16412719070680637;0.11320746088072366;0.11320746088072366;0.5;0.5;0.0025188916876574307;0.9974811083123426;0.4820155161907884;0.03389688639361088;0.017431367518134788;0.02900990406377124;0.0821543276472072;0.6398006258499214;0.012798635987015583;0.010777798725907672;0.025387591163206213;0.02947383567331574;0.02564184196192487;0.016211268076756546;0.02058974880915576;0.023201643079167944;0.03503443042352439;0.030147448093685192;0.02269314148172885;0.011788217356462294;0.5426589836663318;0.01919795398052271;0.01844178614868941;0.030528824291764067;0.06561594213233146;0.9080008945385218;1.6325698029967923;0.5819469312494916;0.025222480340275855;0.24485406354427663;1.5546517407804958;0.38743978352109515;0.38743978352109515;1.3267201698408275;0.21468307277337306;0.44109880113060784;0.38743978352109515;0.38743978352109515;
yes;3.190522587390373;3.975273442610876;3.286729141220352;0.6998325892857142;0.3001674107142857;0.12979910714285714;0.8702008928571429;0.1641271907068064;0.16412719070680637;0.11320746088072366;0.11320746088072366;0.5;0.5;0.0025188916876574307;0.9974811083123426;0.4721835545124544;0.03726494849545636;0.018104979938503796;0.02631545438229521;0.08156184842817016;0.6406275247090956;0.013809054617568872;0.011451411146277568;0.025387591163206213;0.03263221696433716;0.02370356011228303;0.016084142677396773;0.020125817199611262;0.02058974880915576;0.03625452986490263;0.02993776728286024;0.018232105337864013;0.01145141114627668;0.5445175985613635;0.0194522047792427;0.01978901098942698;0.030528824291764067;0.06628955455270047;0.9080008945385218;1.6325698029967923;0.5817959415387186;0.025222480340275855;0.24371651951436313;1.5546517407804958;0.38743978352109515;0.38743978352109515;1.3267201698408275;0.21468307277337306;0.44109880113060784;0.38743978352109515;0.38743978352109515;
yes;5.050780776581631;6.7645819740582205;0.6452205534083066;0.875;0.125;0.0;1.0;0.0;0.0;0.0;0.0;0.5;0.5;0.0;1.0;0.9046635227635522;0.5928004777746323;0.2660581945672398;0.49544957445519255;0.5827693012286752;0.6464479701219519;0.3965831144100469;0.26961444288801495;0.48196920632271967;0.7236909350033036;0.8526734796063704;0.5443733113755891;0.4970732340491435;0.5364530930088045;0.8093783701814932;0.6497946173749392;0.6801646698177222;0.6388561121244525;0.8378775222299804;0.948688344337544;0.3751359575631832;0.470335895697656;0.5070999427768292;0.5767195698855008;0.9326417805565348;0.7509129604972657;0.8273925424618533;0.5483820869114142;0.4423186538363151;0.519045014564691;0.5958936730372932;0.894713905712297;1.0390741516580375;0.5131040341398387;0.5157015733080965;0.978188009506793;
yes;5.377361845618985;7.776658166228713;1.0608294475870914;0.875;0.125;0.0;1.0;0.0;0.0;0.0;0.0;0.5;0.5;0.0033333333333333335;0.9966666666666667;0.6768439760821132;0.7721724192823647;0.24779120080362027;0.45470371747966976;0.5783556293376875;1.5638063808562035;0.42747849910915825;0.3692310788368145;0.04786978618362259;0.15897294047196908;0.5292212189388623;0.5799476909433539;0.31989666817849916;0.34234885517317526;0.10691097683755846;0.09258786098722371;0.34425437990525953;0.4011588954329719;0.3384342503855322;0.2538620442996704;0.32598068218974774;0.20628478587438082;0.2954846308208934;0.5383841396540885;0.506137301196671;0.46482124766295296;0.5909602322816672;0.2577251571101966;0.661601759544955;0.12190267390947085;0.32595362112563286;0.6102945089226828;0.5038168256536233;0.24494359490996498;0.5888345213274673;0.23948797279657352;
yes;5.059455862606307;6.05891262141851;1.364694661112694;0.875;0.125;0.0;1.0;0.0;0.0;0.0;0.0;0.5;0.5;0.0;1.0;1.868975955575213;1.7789712024687114;1.4075079197976135;1.2896454519939424;1.1917896022233667;1.0082034979239638;1.7615044166895304;1.52484846454445;0.8580436029419571;0.7769214692035176;1.4514163206503459;1.9787361753601762;1.6180021551777557;0.868228618281742;0.2380448279934373;0.2623065502822799;1.333624590650976;2.2211571216137407;1.4412644955468612;0.38424746864500614;0.34069219782660465;0.3119406884993161;0.3622058206977634;0.40207004484770925;0.7238408431660082;0.1543029257334685;0.5645795678552243;0.27923406831242126;0.22661768187767128;0.1628763077537445;0.35351369482187467;0.7320167742329344;0.41598948312799555;0.6063442818188793;0.49143246097110094;0.21274203870136343;
yes;5.264039904890462;8.542825494062166;0.7874215502877003;0.875;0.125;0.0;1.0;0.0;0.0;0.0;0.0;0.5;0.5;0.0007215007215007215;0.9992784992784993;0.7263835609391807;1.0034728820604348;0.5883257043555554;0.3967101320974109;0.5000941857304282;0.2902698646182431;0.5097393084454254;0.4257804162089158;0.24203249829116036;0.33636067090239674;0.30137304137222554;0.09815565681611371;0.41445272637198105;0.40230396991552375;0.1643508370028064;0.22418548084857637;0.2710379025192644;0.2529654114555875;0.24602527707330601;0.2527324508852038;0.31090474522369504;0.23038357948268295;0.4947118763093803;0.7536466322156525;0.39816893873624526;0.22149003337263284;0.19019918065068087;0.35641478076735655;0.533110326458412;0.5408230850494045;0.18684107411599005;0.23219874842955424;0.19841538592334462;0.2477110272722154;0.2968880078091418;0.39319076265341746;
yes;5.238481077459452;7.384395079920413;0.8757946603048322;0.875;0.125;0.0;1.0;0.0;0.0;0.0;0.0;0.5;0.5;0.0;1.0;1.1728372677089776;1.3167720942918302;0.29832173054079014;0.25111012371992913;0.6536950791125054;1.4943097902047726;1.4275375931453063;1.0121181003679331;0.8668656781202562;0.39416951552284907;0.25788474188956556;1.1702855779424333;0.5056082353778044;0.2995903495901544;0.872275467084044;0.1140647437024267;0.18677737922777915;0.8966417177203048;0.1895958074413704;0.6653489576111782;0.5175206827284486;0.18448801218830635;0.1430948163760304;0.492206055129329;0.3220000878120475;0.3820547956627953;0.27835949901824186;0.40889274742012693;0.33319728583122377;0.5124094073796943;0.2646854898022921;0.9936381307191562;0.9021096678206115;0.557112476478101;0.49668411775538557;0.4571211083360329;
yes;4.584859068457826;6.278302978949229;3.091384571812763;0.875;0.125;0.0;1.0;0.0;0.0;0.0;0.0;0.5;0.5;0.0;1.0;4.587449391225168;4.79709348280807;4.054991228627072;4.451077862081602;4.869083347332085;5.026068736225647;4.49869058037558;4.545443823257889;1.9416426154419364;1.758523763337136;4.46707980451361;4.61422947238378;5.291240478741502;4.906650414948061;0.8924586092240112;1.041391688009539;4.899254792853432;5.191582135141344;4.676241057628326;2.6380706299850627;1.304106524507822;1.752884621120641;1.9874805743533717;3.9149592503649018;2.95013599778935;1.6458059444861934;1.621681500400891;1.9112719371931677;1.9002267235071484;1.6542580499015358;1.6572858879939334;1.6967272982364712;1.6515174191102329;1.7092255039352402;1.3561801609219888;1.2605410913963109;
yes;5.433243684181621;8.035752814831932;0.7118160283305309;0.875;0.125;0.0;1.0;0.0;0.0;0.0;0.0;0.5050614065577569;0.49493859344224306;0.10182474824445627;0.8981752517555437;1.189870797578731;1.3834092970530545;1.0278445530456164;0.888067247196139;0.9394667169688593;1.0647832660776952;0.4237177563523744;0.49804214274541536;0.43958982617699505;0.6857082535632277;0.77843222537272;0.5119489942380406;0.279475143611279;0.4075853285822637;0.21615543552584437;0.42612432429816405;0.3291460819645371;0.23092488010275503;0.3835728180918876;0.3833999629882463;0.35777611720316127;0.3601959181313372;0.41622886155890537;0.7832491887302218;0.8607153216777794;1.2147809140377608;0.7244288094214686;0.7014401989237897;0.7777993004010946;1.6208051522806501;0.4510482523651955;0.4941819156756706;0.7670331575981524;0.10757431823237606;0.7561640497876905;0.1258839723410956;
yes;5.274634150746325;6.776156590322983;2.125135926146246;0.875;0.125;0.0;1.0;0.0;0.0;0.0;0.0;0.5011764705882353;0.4988235294117647;0.042453781512605045;0.957546218487395;2.469945715282096;2.51376969025368;2.5405498994104043;2.864110515627595;2.5579929916833803;1.9425417370996096;1.6495083237556294;0.8820473443589756;1.8166020399066998;1.1678861619589425;0.34876679132597666;0.08654278263259574;0.25987499539712555;0.06951979369411898;0.11076994938355433;0.07477123622123205;0.05518487552048512;0.09034631592376297;0.15739696186804597;0.23734287734869852;0.10509029621648658;0.12203415815546048;0.09446287121771402;0.2896725548033432;0.14629522523009975;0.16652552258592923;0.2302175249460392;0.16133698862084778;0.2123402693057992;0.4030436486612552;0.13999737430227022;0.37368453576013394;0.18844128706173358;0.32523237507290004;0.1407327278949797;0.13604701884809423;
yes;5.218654370877423;6.660831895745769;0.726606672179575;0.875;0.125;0.0;1.0;0.0;0.0;0.0;0.0;0.5085638998682477;0.4914361001317523;0.060116694899303595;0.9398833051006964;0.0737313976949685;0.09477018701852424;0.3400586947796156;0.5413211253942696;0.4652639292786498;0.8402041193023311;0.7326990177467638;0.6780327615301918;0.6421103902144654;0.49720228078616957;0.4059240345864228;0.5532898234340125;0.8604160566021783;0.7854378700970344;0.7590836045790708;0.5167300984433942;0.12646917799637114;0.11191406115267766;0.08541418298266823;0.2833582081728383;0.5231697906756638;0.23390877810794652;0.07665195706628936;0.08099118169248332;0.024009536790716268;0.2182474088336006;0.19129988369543005;0.2158701950697699;0.13781961340079585;0.6789318364932573;0.019388839002515645;0.008784123255943577;0.03723855867641035;0.07905543293998685;0.5395830387388352;0.5773220726020756;
yes;5.295381272748687;8.01131814264039;1.5624084914982752;0.875;0.125;0.0;1.0;0.0;0.0;0.0;0.0;0.5;0.5;0.0006060606060606061;0.9993939393939394;1.5709451094671256;0.9836136350994997;0.999550624129327;1.4791105963069207;1.4156716569219205;1.5070187717115928;0.7113275458652879;0.6516835638211997;0.37342765073822726;0.29333188417292977;1.6927040425613478;1.8699591828134086;0.7284401299192993;0.7782932461674337;0.21108726427164637;0.22638892659305654;0.8123511255716576;0.5190425862949795;0.3072154121570341;0.21202669712079203;0.17161040930628246;0.22677794019208797;0.36169584034445457;0.24494818413192032;0.42743748598317755;0.41988738078481536;0.4150142547075788;0.24653925695259726;0.2187997635834762;0.21577781553770414;0.49818311243543434;0.28595896825657263;0.30924988254010977;0.30077334302432046;0.09645528830645933;0.09163595956248827;
yes;5.30184966311692;7.74228712412564;1.1165504521059901;0.875;0.125;0.0;1.0;0.0;0.0;0.0;0.0;0.5;0.5;0.0;1.0;2.390222937779403;1.1153571839227991;0.491218611197092;1.2274608425412663;0.6114072341082375;1.137491433228739;1.310446489104597;0.44252922497607905;0.4871948979538834;0.2683054561804674;0.9854666195985384;1.5978713638244901;0.5369398851158316;0.29338790128517633;0.7785016644121279;0.4589765545259388;0.293024978991431;0.5337774184775235;0.37994469769395245;0.29891248876508314;0.3631093773149381;0.9661390589447003;1.3512251281180032;1.3441310638503103;0.45206213400430695;0.8985666792385203;0.3399744815711072;0.9387733417831665;1.5458023058176527;1.321012805445886;0.412374251759962;0.2710703695063037;0.6821357468819862;0.5990580412714737;1.013927828824707;1.8310410587452002;
yes;5.275147459547947;6.132462445474088;1.5261613542242143;0.875;0.125;0.0;1.0;0.0;0.0;0.0;0.0;0.5;0.5;0.0;1.0;3.321764537102133;3.646453121163266;3.383046997553649;3.5968975772021543;3.6255784360597008;3.4524349069415585;2.898059176347995;3.267136234552591;3.459915173613431;3.646444988156296;2.9557409356424764;3.7534928034107176;3.3589201603371888;3.4743260617036187;3.632122629117566;3.7222532955862935;3.1052174231421583;3.864773198362791;4.133874830399652;2.7898620921016413;3.279116216079249;2.338214132759936;3.028795259356907;4.037048984834622;4.162512599114642;3.8754010581288174;3.0696569875491924;1.3187480217619427;2.5312789078756412;4.299724026641285;3.554853005290112;3.302338876795323;2.0245622681887108;1.1723320809564228;1.8157843500982835;2.036881288578085;
yes;5.449993264667418;8.260326909157612;1.0267520319898809;0.875;0.125;0.0;1.0;0.0;0.0;0.0;0.0;0.5074873590042784;0.4925126409957215;0.012154803578374174;0.9878451964216258;1.0688396239816145;1.9662904568166857;0.9970010092779544;1.2095470626964993;1.9221358397215251;1.4626289256777754;0.5571139193660297;0.8294146684120554;0.466339317080692;0.29206650020950864;0.7903911435321307;0.31794281554461445;0.4510562926722521;0.6788513890183099;0.38982382245671765;0.371831460963568;0.36191390778594723;0.4994340180926349;0.5259575660191143;0.6366766659656609;0.3729261556265522;0.6438449207724837;0.7965360957590759;0.8272083937149688;1.0916043911717668;0.502399051844602;0.5243151514150517;0.5968954457173954;0.7995047286682455;0.7480586242551244;1.5273194709506686;1.2931033641490792;0.7834142835621556;0.6371610955054061;1.008864937389915;1.0997944362180943;
yes;5.252589232147416;6.463924165855984;1.4511511765295568;0.875;0.125;0.0;1.0;0.0;0.0;0.0;0.0;0.5320247118269497;0.46797528817305034;0.07277320989470006;0.9272267901053;0.5799140014500126;0.1621416685754209;0.15527040217238497;1.1074615862739927;2.3558038965964236;1.9307116603011925;1.1819578942486877;0.17912849597432068;0.1738402315145935;1.4636342145933923;0.8739076505114367;0.734327841079601;0.20230614302480232;0.11986301427956825;0.11875260000746213;0.5242714613853119;0.6838081293862026;0.8427650957352202;0.4838596145014371;0.28530695764422953;0.29345687906913964;0.15477886459170254;0.23653732404057193;0.24802750549655883;0.692856600720321;0.5205566107393738;0.6920388086089684;0.4012217877940092;0.3611416883500356;0.18517117787002002;0.5569239400422217;0.4337922021752796;0.5438546678850584;0.4394116270090831;0.42642037243934805;0.5479566987927589;
yes;5.472971639090986;6.866026182606567;0.7721926953434735;0.875;0.125;0.0;1.0;0.0;0.0;0.0;0.0;0.5937396336005872;0.40626036639941276;0.3018683325021353;0.6981316674978647;1.3698011305771858;0.8044170531462029;0.3994877753217345;0.808660231097416;0.5020717482493189;0.3615525648971021;1.3799867921482663;0.5312679276834751;0.3471941829664358;0.29937460686427286;0.44587856928516656;1.1792865880453314;1.4461077444907202;1.4150737510781197;0.2982316561970344;0.7855236455860966;0.4260942479212191;0.47784412112778085;1.0432653291883827;1.1118271037247096;0.42702871620794847;0.8214687135860608;0.5779177324528764;0.7203424687101783;1.055256203444106;0.3402355898399074;0.4941618703369821;0.7994258183307084;1.1390486565470321;0.29501395854406054;0.7638893810276746;0.3070164299783884;0.2583306299513777;0.7440232315061786;0.8314057577339726;0.9812206281675171;
yes;4.809864188598835;6.398382777397806;3.2700468049099944;0.8670200892857143;0.13297991071428572;0.015625;0.984375;0.04043486379393423;0.04043486379393423;0.07552724726458047;0.07552724726458047;0.5;0.5;0.0;1.0;4.158582349365389;3.5792926540464984;1.2875728651444778;1.818244540857298;3.9708839074859004;4.345104342077045;3.8670024706074306;1.1873934690070849;1.4790255042729497;0.9302215231585302;3.0270704266049657;3.9923222682623036;4.338750872778415;1.9303177510894418;1.2664337733089868;0.32848087758735023;1.6363417448237727;4.07809074473915;3.820863526169087;1.969606992624552;0.8610598279737225;0.41471923805668265;0.4241007900217557;1.9332807688590212;1.0775064596375934;0.8570291290005958;0.4225575899599807;0.6909807611775962;0.40597445463954696;1.3364829827679379;0.3859475758494755;0.30462753572917123;0.23153567975347755;0.867936300916754;0.30658978387687963;0.19368084583235223;
yes;5.298459330586317;8.098365849410065;0.5852219884447865;0.875;0.125;0.0;1.0;0.0;0.0;0.0;0.0;0.5;0.5;0.0;1.0;0.4980858862708102;0.361861967671123;0.7244828341252871;0.5872234009661486;0.43184645774381103;0.4317554053097288;0.1286818810559689;0.17026280835187535;0.1251350854301485;0.08943884352965092;0.10576840305439639;0.11381536603451092;0.4802397294760996;0.31214619672525323;0.6366622726943358;0.5035412619631034;0.30953491461749216;0.6013095757918419;0.27203284380604487;0.14863903429503011;0.2433637805455433;0.3482213569056931;0.48740974029236206;0.2816067276465066;0.5836056422729485;0.5006925700049938;0.2533041152996276;0.1392027439700323;0.09056751840246147;0.22316504507393287;0.11409263901267597;0.16624023394206322;0.07531551483990029;0.47067635619261905;0.5850512681270903;0.18423108536100852;
yes;5.152406381853815;8.773454160894476;1.5766323597956302;0.875;0.125;0.0;1.0;0.0;0.0;0.0;0.0;0.5;0.5;0.0;1.0;1.3618646589087549;1.5469859287498169;2.031824278359251;1.8641563126676202;1.5417538138177278;1.462507074690877;0.8854264830086285;0.9193145139006713;1.417399429208209;1.7316009177806553;1.8505888116413307;1.6615103606398844;1.514808200087737;1.0932983664447633;1.625716503507681;1.8934991250195319;1.2094578737333297;0.8495814798761616;1.6628159923034271;2.1390638193283;1.5870289869503158;1.450992681843199;0.4967767989938796;0.20760308948455375;1.1446894406499508;0.5281008502342264;0.16187987866316966;0.3176844423971472;0.6010943360194894;0.6832504681359266;0.7236027242634586;0.29824380620532676;0.24335209698377103;0.8406912001030049;0.43126880124698364;0.681989382653752;
yes;5.277187939434457;7.632116690553679;2.234201363092696;0.875;0.125;0.0;1.0;0.0;0.0;0.0;0.0;0.500312402374258;0.49968759762574194;0.007497656982193065;0.9925023430178069;2.5834237075715;2.5863912703883507;2.78263697243009;2.669594486368;2.3059113611471624;2.3998279994233194;2.26369769217186;2.4305795784984556;2.4642795421022266;2.4076347122035617;1.8839838936809339;1.8995967577218935;1.0413679885838762;1.8468808582721432;2.4430445263515903;1.0378118247613095;0.5489825702962357;0.5410589231922529;0.4824361255200955;0.6487209007905177;0.8295711144913991;0.3603388402649923;0.5229021030373717;0.4972323864342991;0.14634496061884938;0.21170045618959143;0.3289311589969861;0.21306070130566734;0.14172060478844628;0.10646565697989008;0.10174759481362639;0.11607912717778746;0.11349455724531143;0.13027114610069113;0.23881568101067874;0.14386103429941244;
yes;5.253416737146793;8.237137986888817;1.1763640023155195;0.875;0.125;0.0;1.0;0.0;0.0;0.0;0.0;0.5005833333333334;0.4994166666666667;0.00225;0.99775;1.4671221099424847;0.9468420274746556;1.7076742009477348;0.8226799945913461;1.3203459142069147;1.1482374636967054;0.29663788353671094;0.15259942490919443;0.372334577654156;0.12216372763773631;0.3745524669815712;1.3675821644209543;1.4404102091434723;0.3710687373236654;0.5167918584717635;1.0068752681123234;0.29319055433458985;1.1453229473734639;0.5089355503340549;0.5853145333417613;0.43822378411382523;0.7063021315737261;0.4909041151396769;0.7889477202159787;0.5366765302364689;0.7251703146756334;0.5576641691133304;0.5747667623204373;0.5902594650843502;0.654737673476891;0.5946544994324929;0.7655234015512926;0.6800912309368394;0.6564586405783794;0.8118278815125581;0.7480576991307117;
yes;5.379000591872263;7.4816330383787095;0.8277958687400562;0.875;0.125;0.0;1.0;0.0;0.0;0.0;0.0;0.5197916666666667;0.48020833333333335;0.10086805555555556;0.8991319444444444;0.7175808335121499;0.25784478458769966;0.5780616685498678;1.1993309244627426;0.9709390104193378;0.8692532376720559;0.23369724816001813;0.27126677894378703;0.13370912478420394;0.44270027613384544;0.9867011402976851;1.3871842011428557;0.06826811363389051;0.3360065754834194;0.2241924848487633;0.22632608428957823;0.17218539392642196;0.5985827054286657;0.4688102817990045;0.7910188830039142;0.20824946092574503;0.10972711355856202;0.4110244788151429;0.5129296784338067;0.06519996195259559;0.13744659464093267;0.41730220531531215;0.10091489971038214;0.11601134057005424;0.20209731248859253;0.03836839296368222;0.06418120277646899;0.09078594042347277;0.26212328853514366;0.22043661635984613;0.6803662243799047;
yes;4.813062274347243;6.775174431400964;1.9274024283376705;0.875;0.125;0.0;1.0;0.0;0.0;0.0;0.0;0.5;0.5;0.0;1.0;3.159420781269647;3.2079734833050644;1.112084057639764;0.4614336260059053;2.708068535970889;2.7870635096663214;2.529451049907593;2.331559904005748;0.6283518522553146;0.4831945763389598;2.5078255822341897;3.4888958197154443;1.977472516191935;1.16258696851191;0.27201475392775354;0.20919776911164423;1.2073782421682324;2.5158924402322747;1.300126174238048;1.1187561747966037;0.3444841039192461;0.6233306931746991;1.364339554736799;1.167582753300075;0.9614521756881409;0.7780007927818131;0.45286012129612363;0.5996372900962292;1.1361286025281156;1.2655769810260789;1.002562560780623;0.3770634491638045;0.32917068144964734;0.4102319852895633;1.9487244842479163;2.099786748198648;
yes;5.2150049012007145;6.840445111907717;2.0180992450457547;0.875;0.125;0.0;1.0;0.0;0.0;0.0;0.0;0.5;0.5;0.000625;0.999375;2.7055115482709615;2.7912419480893984;2.8817519919763206;2.8325489294597164;2.713693556016977;2.7769875990230486;1.9479139870724143;1.4690683268928946;1.5351197989610301;1.5066722034236673;1.3492093754319976;0.5950828856493144;1.3050890095328258;1.450088739629027;1.5874581762297222;1.9838152657021695;0.550671662019715;0.3424033137105065;0.2812214046225252;0.8150699561792716;1.1096377262415396;0.9499912002369424;0.3924286572758273;0.6015252113346978;0.45161581302406795;0.8050804322264371;1.005042071205283;0.59065139976342;0.5952778573701689;0.45716911816142325;0.47969369866065126;0.47072669748914464;0.8939886412623239;0.4045615336611039;1.0231084121258145;0.5475685756168343;
yes;4.937408073599713;7.452332332274992;2.3375302249437047;0.875;0.125;0.0;1.0;0.0;0.0;0.0;0.0;0.5;0.5;0.0;1.0;4.420606312978935;4.514437481244451;4.491714676786523;3.9000958357265203;4.268648379896447;4.176911350580949;4.548539304017623;4.684234653140804;3.813209504120934;1.6883687412595183;2.5929352264192866;3.8722387622705363;4.53475044803576;3.5494460096423825;1.9596031836483307;1.5772703441933178;1.5147928314673003;1.7784189523096519;2.5291797334908104;2.5124216983579473;2.5084231718728702;2.6026498124653976;2.369014327856884;2.3821182985439933;2.5171784359795364;2.2861241195770754;2.440546118634737;2.420815386430138;1.717041593495992;1.7217283353577164;2.079515093714674;1.4555240351404226;1.6490845970933323;1.6568920815433552;1.8191240844643346;1.9180378862004153;
yes;5.1368473253104945;8.0624177930989;1.0091190425020955;0.8674665178571429;0.13253348214285715;0.0234375;0.9765625;0.03423889700543357;0.03423889700543357;0.10652101290579333;0.10652101290579333;0.5;0.5;0.0018315018315018315;0.9981684981684982;1.2152119151686263;1.3941044599058383;1.726755563678935;0.3859214649907745;1.380413844231163;1.2154451322503075;1.3134169927527144;1.2817011323767007;1.554282726406937;0.4546637674865206;0.7485925127634321;1.6612064718768416;1.3798142442502472;2.135654303467665;0.9832094518036918;0.8587912244892779;0.9893302801080885;1.419753434732384;2.6421403398430066;0.5870469372016967;0.5500907378575031;1.1951457742770977;1.3768244211688332;1.1246829001912646;0.62012497474102;0.429621527671161;0.6416456603255991;1.4287808663350723;0.9396933549215412;0.5212088100082459;0.7664550908223093;1.0644930732721098;1.2760130419754128;1.497460323720817;1.2944808327099775;1.009822164944664;
yes;5.329167353879214;8.377267592336102;0.2590794973877125;0.875;0.125;0.0;1.0;0.0;0.0;0.0;0.0;0.5196788979399602;0.48032110206003975;0.18792664660097147;0.8120733533990285;0.058938075483648156;0.1819632773399782;0.07388637756930105;0.07929955559154234;0.05254719316110723;0.07767459908398244;0.049330522642767605;0.1120308947564741;0.08995416375204446;0.2130879550873166;0.0696090636452702;0.046769551552705124;0.029043207070531096;0.05093659373595916;0.22442155322297452;0.2271336669749191;0.25887975061613755;0.09182603336360451;0.13494650886067383;0.1264469144790077;0.3115627912950618;0.35109288027639707;0.3554513682111793;0.0986123487025754;0.13112051651725753;0.07775065958999328;0.22742259033434564;0.2545927031835191;0.21081273670361167;0.022426479530514243;0.20758290989374562;0.024873900721298803;0.20614724912470983;0.23299273665389286;0.288531261798334;0.051067733621614764;
yes;5.381241633596592;8.915551106178052;0.9175578226103627;0.875;0.125;0.0;1.0;0.0;0.0;0.0;0.0;0.4998550724637681;0.5001449275362319;0.01;0.99;0.5022800324516083;0.34099442492589116;0.23237633290390658;0.20843613553095341;0.3432803766356809;0.5131099166736854;0.5223053823370245;0.4884499042385704;0.4162686853442388;0.1974440520327807;0.3677313604932646;0.5591081237381204;0.6255821039723903;0.2884779989994133;0.6335615581656482;0.7931979737197015;0.5922259937424572;0.7218603525453071;0.504658511684962;0.9185108451777326;1.620966208220786;1.8734319048969477;1.516378981622157;0.8976403605767;0.5668850348163019;1.3784526161471788;1.7881490340106345;1.5950772650438614;1.8896934018938683;1.6830016671233619;0.5750928791642744;0.6406815716080052;1.15931825214731;0.9319738220881391;0.8195818363577452;0.8766072735306487;
yes;5.422594281413696;9.036857824285095;1.0126168035936645;0.875;0.125;0.0;1.0;0.0;0.0;0.0;0.0;0.502678830002896;0.49732116999710396;0.02143064002316826;0.9785693599768317;0.41403801728244094;1.4223531343989255;0.19381493763544277;0.11877061320382598;1.9786856315343058;0.48061578468295973;0.817267722042156;0.02204101623429988;0.022510221808430764;0.026109537920580905;1.448154052450219;0.16281784516343656;0.04513171708769548;0.028868870508651057;0.12430362525576566;0.030095872230623932;0.9651662054305179;0.08789614693375558;0.034381648746959925;0.03491807818566883;0.30724157624440096;0.04139879415536907;0.03869575013457993;0.0662085462294213;0.05182428438863251;0.1968185336192212;0.12080239318333241;0.052406117826548915;0.04268886613817546;0.043219698467337864;0.4718172151014013;0.5323568896619841;0.28074049576397364;0.08075966370092047;0.03945072914874359;0.04383568740786181;
yes;5.259236109959799;8.587901709919915;0.23112398377333376;0.875;0.125;0.0;1.0;0.0;0.0;0.0;0.0;0.5;0.5;0.0;1.0;0.0360293952050057;0.022811563903956333;0.021014692765445986;0.038480726299843226;0.040797439235610966;0.05710863720065884;0.044956977515835383;0.058845529548333;0.10506243648178337;0.20405822601008072;0.05620884424453276;0.04195589978833425;0.10392319869725597;0.07876680162663607;0.18678606490027772;0.14303695299278996;0.06857583403484302;0.12455235779263063;0.02322452724843771;0.03984209257088622;0.08826077186985248;0.16618052431037444;0.1156620403947306;0.03608229314911693;0.24314573909977;0.22169317575046676;0.18299660228036885;0.2284147599662587;0.32147964482734714;0.37478614921114417;0.27928001313518713;0.3768010589893036;0.34892644144246265;0.13360457823527305;0.17030607738280334;0.25353500111789984;
yes;5.375597225872316;10.129330963831213;2.177211121153296;0.875;0.125;0.0;1.0;0.0;0.0;0.0;0.0;0.5;0.5;0.0;1.0;0.7346785715962971;0.25888868661945086;0.26393488926398057;0.27601476257192115;1.2599687746310098;2.7137680267635003;0.3400081479403232;0.2255481276460749;0.1688563284765996;0.18293957339593803;0.18079941538933042;0.8803870415549335;0.12091960546336988;0.22277439357745532;0.29431226387866527;0.1955439194252806;0.21302580257688675;0.18447439354269868;0.34671539698195186;0.44885984585071004;0.36795889322347897;0.2543951121953878;0.32506617521168124;0.4424209436632962;0.6251813874027095;0.648230681835126;0.8359804207876751;0.47554732462088545;0.36550364915492306;0.39442012405397175;1.4392282344546725;0.2513006505199762;0.3184395628613199;0.4737417589400952;0.5371496662954138;0.5519491459421779;
yes;5.365890461120422;9.032785416653903;0.2692870256203405;0.875;0.125;0.0;1.0;0.0;0.0;0.0;0.0;0.5;0.5;0.0;1.0;0.43337948211031385;0.12585696162834914;0.1138773236327717;0.15363852613493112;0.13601249322860198;0.19497440920997366;0.3736371876118447;0.29754854096899486;0.17049023856244538;0.125172789038408;0.18110169114786334;0.20205410363277831;0.4144340272475162;0.4221737668916301;0.1838698155001781;0.21865596806975152;0.34198164250957497;0.15434207852313175;0.6097378961703512;0.2748006583148035;0.29115377177903845;0.3039796039933096;0.3124206124200768;0.15996969891352375;0.4961444146357339;0.3884592779232614;0.3288445188648268;0.42235395345765525;0.26702221441975826;0.19782843790261317;0.6450555675603011;0.41300036397286366;0.34223771726662733;0.38698675507940994;0.16440150965477418;0.13290561789150868;
yes;5.375596760492391;10.129368143513906;2.177215726754005;0.875;0.125;0.0;1.0;0.0;0.0;0.0;0.0;0.5;0.5;0.0;1.0;0.7346879582057504;0.25874974132912865;0.2639577866444158;0.2760397424367742;1.2600643554378665;2.713626474781335;0.33988680773004276;0.22547820318862932;0.16873763587815915;0.1829562791655448;0.18069572093683117;0.880453234538348;0.12085864933194035;0.22281054346953244;0.29431226387866527;0.19551167142878612;0.21286033732998;0.1844987514758616;0.3467247727891598;0.4488544093237996;0.36791978615577836;0.25441051429362194;0.3251157472570716;0.4424209436632962;0.6251813874027095;0.648230681835126;0.8356677222719266;0.4753999913482696;0.36547447380126563;0.39442645103710117;1.4392282344546725;0.2513006505199762;0.3183782669887778;0.4737343502212017;0.5372970704480364;0.5520173796998202;
yes;5.259234173676734;8.588104248450573;0.23113962376507408;0.875;0.125;0.0;1.0;0.0;0.0;0.0;0.0;0.5;0.5;0.0;1.0;0.03460581395289708;0.022849283637502715;0.021276777175740058;0.038480726299843226;0.04035499062998138;0.05826514402884797;0.044919257782289;0.05844579068987876;0.10539996035917198;0.20405822601008072;0.056508648388374105;0.041718310625561195;0.10390997421122883;0.07939090516183711;0.18678606490027772;0.14358432632666052;0.06925088178961758;0.12455235779263063;0.023462116411211653;0.03954228842704577;0.08826077186985248;0.16618052431037444;0.11658594807377298;0.03644431227402389;0.24314573909977;0.21738823918505723;0.18236426427276786;0.2284147599662587;0.32147964482734714;0.37478614921114417;0.27928001313518713;0.3768010589893036;0.34892644144246265;0.13360457823527305;0.17047566145202175;0.2540773844381423;
yes;5.246577778444412;7.42433724299022;1.3683265820474275;0.875;0.125;0.0;1.0;0.0;0.0;0.0;0.0;0.4912711090826107;0.5087288909173893;0.2142824649613787;0.7857175350386213;0.17404834790216217;0.04146756427576115;0.029357094497560965;0.09634894488679091;0.179174008989607;0.8192810039373675;0.08415098478717375;0.0975492595544738;0.06730347246354107;0.10488190529641006;0.07153146693922707;0.09970796004361393;0.23075335148050602;0.2250578710646689;0.11001387943840957;0.13501897194357682;0.14971878725968502;0.1110240140605141;1.2660500156806913;1.8972013213698764;0.8683790248517633;0.6100536129537888;0.3134856273565054;0.7891849321750084;1.7131954064753185;2.2563733086881204;2.1175273139620994;0.7304645941413961;2.152749758886862;0.5068780090293163;0.054368361595558135;0.07121153393037094;0.08359870590880814;0.08177641086011533;0.12052306940001323;0.1587417593506384;
yes;3.3362948018589793;5.096548636731851;3.752111293666951;0.8692336309523809;0.13076636904761904;0.013020833333333332;0.9869791666666666;0.03263647648729362;0.03263647648729361;0.07456332311156172;0.07456332311156172;0.5;0.5;0.0;1.0;4.229952852758243;0.7019441147866621;0.957538541368951;1.8978369904785568;4.072975557337759;3.2922130677329484;1.1169002447074332;0.6257214962480369;0.9175458132841303;0.8582640887418265;0.8825746879599263;3.497848314888873;1.041453058101781;0.6424595449368393;0.9674428686574164;0.8283740259359433;0.9018969144589102;0.82722402656547;0.8267194392032646;1.0771883242164604;1.3615281291439745;0.9205222672356577;0.722120098618058;1.11037712283213;0.9732049575024053;1.7414431766838807;1.639774879472689;2.036978880878896;1.0219061276160444;0.6471859579870554;3.6356769411274836;3.154328798690005;1.2994332203699184;2.582832280171383;2.46081007464792;2.206370162849464;
yes;5.228924262172404;6.622302340622403;0.31332792188915404;0.9987553615196079;0.0012446384803921568;0.0078125;0.9921875;0.00015318627450980338;0.00015318627450980392;0.0625;0.0625;0.5;0.5;0.002777777777777778;0.9972222222222222;0.000851532162850166;0.023789383032544187;0.0017030643256998879;0.0008515321628497219;0.0034061286513997757;0.0076637894656501615;0.0017030643256998879;0.0;0.0017030643256994438;0.0008515321628497219;0.0008515321628497219;0.0;0.0;0.0068122573027999955;0.000851532162850166;0.0059607251399498296;0.005109192977100108;0.0076637894656501615;0.005109192977100108;0.007133662796513285;0.0008515321628497219;0.008836727122213173;0.000851532162850166;0.005430598470812509;0.005109192977100108;0.009366853791350493;0.009366853791350938;0.0025545964885496097;0.005109192977100108;0.000851532162850166;0.005109192977100108;0.007133662796513285;0.0025545964885496097;0.005109192977100552;0.002554596488550054;0.0025545964885496097;
yes;5.3991225867472945;7.192031740506756;0.5872318946770781;0.875;0.125;0.0;1.0;0.0;0.0;0.0;0.0;0.4814343862187528;0.5185656137812472;0.028208909594338423;0.9717910904056616;0.18127286473895987;0.13044360129606503;0.1525016846058591;0.4799655408033434;0.6864777171135881;0.3773372246640707;0.502203294260553;0.12259686376121381;0.30198130695609526;0.3779387825359941;0.5239716170284212;0.5614461554374981;0.27282195456321423;0.28967698778078477;0.30045479832990996;0.205824563813632;0.39350469723963233;0.8709464838716481;0.34904060749330723;0.16041086676002303;0.5139763298137932;0.288120244776525;0.35188847090867403;0.9362139809633532;0.5907442013797906;0.7257716581005869;0.5865626490479783;0.3288615378863695;0.6633731316754035;1.0570040843958735;0.493609223888845;0.6065240487838719;0.6596351620715724;0.3548980043588843;0.3298494060129751;0.3624310147663148;
yes;5.296348968316883;8.82635428213818;0.3726845418737622;0.875;0.125;0.0;1.0;0.0;0.0;0.0;0.0;0.5;0.5;0.0;1.0;0.04299282291487039;0.053696480975346184;0.03428484487820871;0.07819779724050413;0.13290653777623262;0.15567252039004664;0.07570229195247347;0.051704998845027994;0.051394218960478355;0.05343207144297324;0.0573853620499607;0.06619944298036629;0.06974061057566328;0.06698773173887496;0.07848701640112576;0.04184037114394901;0.056231305873539306;0.05081985472405126;0.37017688642463664;0.10819462131226931;0.13270828812697477;0.05446247912264646;0.05051435789344971;0.18016095098655072;0.5308390660963722;0.2917104009391851;0.17227343561189468;0.11582360435408123;0.16049460212245314;0.16538517971374933;0.8333864136943121;0.6339747510488896;0.41395619090916647;0.4506011875950948;0.16877401298674855;0.1540729182359888;
yes;4.811705027744724;6.52774819105771;1.6150853982978148;0.875;0.125;0.0;1.0;0.0;0.0;0.0;0.0;0.5022935779816514;0.49770642201834864;0.034785932721712536;0.9652140672782875;0.6576812353311978;1.2072915183546837;0.5238491736975486;0.5402115546094097;2.1562841647138677;1.7709544388106773;1.156372087546302;0.11868052411302799;0.2349676084855279;0.9642148012053124;1.6287434179569242;1.4959318024809614;1.3087451259924006;0.4616135989007826;0.3794097465298232;0.320879428641887;0.6464196328038971;0.19433191295168895;0.17097612313967225;0.14478273394335428;0.05303942237934134;0.11151114937541973;0.06359765033718467;0.37838917142100303;0.0690109630242457;0.19875482171820424;0.13517660698714362;0.04511820649039233;0.07430211130454634;0.7238405654721825;0.17185757160381598;0.1421513930342302;0.11195527366701263;0.12412797402628595;0.9995755710788221;0.7047447286206041;
yes;5.408387441749415;6.123806492993391;1.034901342845995;0.875;0.125;0.0;1.0;0.0;0.0;0.0;0.0;0.5022786458333334;0.4977213541666667;0.05716145833333333;0.9428385416666667;0.09847190189458388;0.03554394775008429;0.04172563687130104;0.03258084931832439;0.005415212348124587;0.5348041719291001;0.04569747090281773;0.028685357085351804;0.02504535711007616;0.04028225855469314;0.051789584794458055;0.03986084926887523;0.010153523152733435;0.013538030870311246;0.04350084924415043;0.03003916017238284;0.058737750688767854;0.036987326066692194;0.029196341600747022;0.024202538538440344;0.03486704620656855;0.06576225838162131;0.04020591675614993;0.08818958454721226;0.4896856447792324;0.3371339276449694;0.024202538538440344;0.08636401590984777;0.3944492759749294;0.1119390103859832;0.5738892315114987;1.1719534531570637;0.2792636586131634;0.5122578197185992;0.8785227961670086;1.1178512894366568;
yes;5.361475151647388;6.404518556228096;0.40491373580334267;0.9727519914215687;0.022001378676470586;0.028271411273623655;0.8932250497175702;0.11932535306023631;0.09596815278923275;0.16661655476947512;0.2919171149020985;0.49407407407407405;0.5059259259259259;0.14046296296296296;0.859537037037037;0.043974914435642276;0.017882175419850377;0.07430866680453141;0.05387189489613098;0.10999362824825187;0.2554643598776174;0.0384316316465414;0.03182809551916499;0.059077124730366304;0.053229083908704844;0.07953054409992033;0.05694561985643887;0.09181591920341248;0.0797392652753457;0.05674789687839388;0.0372586939899775;0.09938367181192742;0.08921880338498411;0.021609709564964774;0.02789184019862745;0.14943823223698072;0.1513972987341914;0.05050828557460907;0.04859650007348382;0.10593369041204648;0.08293667275132055;0.08486510571359762;0.062499900842919676;0.09986028095380739;0.043862230117353906;0.1259530199695984;0.05690310052656011;0.025867370379213828;0.08739205654361681;0.02639749704835115;0.05375921057784261;
yes;5.3812440795941265;8.91555645703181;0.9175332217397392;0.875;0.125;0.0;1.0;0.0;0.0;0.0;0.0;0.4998550724637681;0.5001449275362319;0.01;0.99;0.5022800324516083;0.34099442492589116;0.2321803535609792;0.20868370764482957;0.3432527574968942;0.5130121034180792;0.5223458290420826;0.4884729172817295;0.4163266024918668;0.1973772551744517;0.3678149950404439;0.5591561400094784;0.6255821039723903;0.2884779989994133;0.6335615581656482;0.7931979737197015;0.5922259937424572;0.7219262108730753;0.504658511684962;0.9186577243719958;1.620966208220786;1.8734319048969477;1.516378981622157;0.8976403605767;0.5670834179450814;1.3783499673297128;1.7881490340106345;1.5951048185347263;1.8896934018938683;1.6830016671233619;0.5750928791642744;0.6406815716080052;1.15931825214731;0.9318466024129588;0.8197454055984119;0.8766072735306487;
yes;5.422600360733803;9.036623865090814;1.0133540876574978;0.875;0.125;0.0;1.0;0.0;0.0;0.0;0.0;0.502678830002896;0.49732116999710396;0.02186504488850275;0.9781349551114973;0.41411876571973405;1.4224275338662586;0.19381493763544277;0.11864271407721017;1.9786856315343058;0.48030539259752913;0.8172186114737556;0.022131046743096405;0.022510221808430764;0.026147406538400197;1.4483167387575056;0.1625121800618965;0.04513171708769548;0.028679527419556372;0.12430362525576566;0.030095872230623932;0.9651662054305179;0.08795365217493956;0.03432020478448017;0.035069552656946;0.30724157624440096;0.04139879415536907;0.038589046366437785;0.0662085462294213;0.05182428438863251;0.1968185336192212;0.12080239318333241;0.052406117826548915;0.04253739166689918;0.043219698467337864;0.4718172151014013;0.5323568896619841;0.2806264828242817;0.08075966370092047;0.039209224168670787;0.04383568740786181;
yes;5.375598978791695;10.129360685208876;2.1772791902743744;0.875;0.125;0.0;1.0;0.0;0.0;0.0;0.0;0.5;0.5;0.0;1.0;0.7347116754355154;0.25875991517554464;0.26407322759249574;0.27593694236005817;1.2600203438949107;2.7136954160220856;0.3399754364932388;0.22541587448937683;0.1687506619018846;0.1829346503581375;0.18072927876576905;0.8803870415549335;0.12090523491731364;0.22247925519214107;0.29416463864311115;0.19552184918461268;0.21291351014128157;0.1844872857439439;0.3466716022506633;0.4488572705401799;0.36791565374933555;0.25444401577820486;0.32506617521168124;0.44236528953875975;0.6251813874027095;0.6482529787067337;0.8356677222719266;0.4754444437071319;0.36547447380126563;0.39442645103710117;1.439205358772381;0.2513302208857109;0.31838427186568374;0.4737343502212017;0.5372383198238255;0.5520149330939415;
yes;5.334011488373684;7.454972022395682;1.7997765578952243;0.875;0.125;0.0;1.0;0.0;0.0;0.0;0.0;0.5043516873889876;0.49564831261101244;0.10924046350334095;0.8907595364966591;2.2503027171988847;2.4030765750309406;1.3867896238608024;0.1781059718488489;0.15826305698575283;0.5320822030667482;2.233550068447567;1.5402205913855607;0.5814837140834488;0.03380148835585839;0.041041033390203374;0.1410865460655879;1.9011958410389749;0.2649229503147543;0.06912805325499694;0.03448888427981789;0.07146117602269264;0.05771415273608316;0.4459274471890229;0.5490915756854848;0.11028769937778549;0.043865510875268576;0.03280040981165122;0.05145704705247489;0.06607224885245877;0.1343134219302824;0.20924896708841523;0.14419753623335207;0.08678354522125531;0.06658790998082509;0.3106778809351267;0.19609059933539807;0.14609714843683275;0.09929111629509357;0.07773562037660309;0.026223865009381342;
yes;5.365918311678474;9.032971704682481;0.2694645745943879;0.875;0.125;0.0;1.0;0.0;0.0;0.0;0.0;0.5;0.5;0.0;1.0;0.4337238359376414;0.12659386125247174;0.11327937743470429;0.15340514324585275;0.13536336562716844;0.19488346590334515;0.3732563309128585;0.2977244091318303;0.1703792676241962;0.12472657459621761;0.18158230939520692;0.20097524490991603;0.41432220321300406;0.42145233235831103;0.1838698155001781;0.21865596806975152;0.34198164250957497;0.15434450644228548;0.6095494405328008;0.2748006583148035;0.29115377177903845;0.30404389835374435;0.312393463299963;0.16055346785863822;0.4961444146357339;0.38854064652503517;0.3288445188648268;0.42235395345765525;0.2665183407099967;0.19782843790261317;0.6451151833019626;0.4131403937063096;0.34223771726662733;0.38698675507940994;0.16440150965477418;0.13290561789150868;
yes;4.664077790566555;5.3213288611020015;1.854318591892169;0.862109375;0.137890625;0.01171875;0.98828125;0.05858655709818634;0.05858655709818634;0.053260506452896664;0.053260506452896664;0.5176260597947345;0.48237394020526553;0.07329317269076305;0.9267068273092369;3.3197960669624913;2.9254609526251714;2.872371828249759;1.9991581056456924;2.179330309230721;2.15890834677191;3.3570357634131307;3.4600050966533575;2.961123100827113;2.709154855647143;3.3279553976275276;1.9530291844755987;2.573436149031738;2.4551159448551485;2.3301528599314323;1.6799867886915938;2.2536794705806327;1.301545699506903;1.6798455119489932;2.2283142202248554;1.893942018404697;1.7746181696568013;2.250089387976419;1.1595730519324094;1.8113201041488671;2.2525415071947394;2.404768493506559;1.358227980043143;2.624201195474009;1.5457382631074017;2.434012944234025;2.573670876187677;2.123580170743732;1.8166541964983094;2.23931186518005;2.489158471358861;
yes;3.931182806248922;5.868916303662882;3.6792980046375074;0.875;0.125;0.0;1.0;0.0;0.0;0.0;0.0;0.9708806193060091;0.029119380693990893;0.18024798553558843;0.8197520144644116;1.374765505076473;0.0654388392164158;0.12316100797186103;0.11010242781453616;0.33340415543277846;0.6936233428090668;0.11320341111906806;0.06177544974334648;0.3308777534748124;0.18265194668590112;0.1160438270432893;0.2652713282480512;0.09329633303427443;0.12111529924650632;0.18854500305424615;0.24184661954063902;0.1429749696581668;0.09810239496946949;0.24867146076874747;0.2924329526202598;0.31057643922319933;0.24590844584296967;0.336785306070281;0.39549130668323773;0.25533179023186214;0.25742856510820467;0.4000099426591097;1.0103356926788014;0.4038633675204091;0.28051017713271964;1.286841918911215;0.7723008471030974;1.4834189024574713;1.53466094619136;1.2656968610038057;0.7699808575896911;
yes;5.2466711912811865;7.424425220660107;1.3683904159387297;0.875;0.125;0.0;1.0;0.0;0.0;0.0;0.0;0.49192530047162636;0.5080746995283737;0.21265142383353244;0.7873485761664676;0.17552665713108428;0.04011026691191866;0.02906160289806614;0.09398339618921359;0.18026960516541202;0.8227388002755815;0.08279352448867172;0.09753202852275233;0.06777121494969673;0.10488190529641006;0.07022288379317132;0.0993427613183453;0.23235987071359876;0.22546462859053662;0.11001387943840957;0.1352421020469592;0.14884544399522692;0.11179539229517754;1.266394001500462;1.8965526386089704;0.8702670378871664;0.6083895540584261;0.31306806970986933;0.7891849321750088;1.7131954064753185;2.2563733086881204;2.1179062418762875;0.7337558713655952;2.152749758886862;0.5068780090293163;0.055724674291718124;0.07108980102194806;0.08359870590880814;0.08168451620894412;0.11839083289263908;0.15714977648873774;
yes;4.922808939153299;6.781437203505009;2.670020526762187;0.875;0.125;0.0;1.0;0.0;0.0;0.0;0.0;0.5;0.5;0.0;1.0;3.5366977306602463;0.7839045568052887;0.7200232529309281;0.4646335637244965;3.4666591256147856;4.084247189735137;2.2465708343862216;0.49187751915678213;0.5399903910370218;0.4947545043228816;0.7359018380303421;3.3814455003182062;0.8849230842046678;0.47657342099111144;0.5955046690419374;0.6208241080210408;0.4041874740523985;2.094215242022489;0.749568625194736;0.7996624118902913;0.6218683536524985;0.6752498787364196;0.5905159137198677;0.7736448663016584;0.30350637002037484;0.34308998084136455;0.3341771822146864;0.4263164978985339;0.32853850398217155;0.32460715369226545;0.4467621721704029;0.5227987398880707;0.5344115723581258;0.4389076096665727;0.6670270951121022;0.38242171607359055;
